Vendor Code,Trans Category,Trans Date,PCS,Doc No,Stock Code,Customer Name,Variant Name,SOL  Shape,SOL Clr,SOL  Qlty,SOL Cts,Rate,Sol Mrp Rate,Sol Amt,Less Dsj Cert Chgs,Less Lab Cert Chgs,Less Repairing Chgs,Less Wt Loss Chgs,Deduction,Deduction Amt,Cgst Amt,Sgst Amt,Igst Amt,Final Amt,Cust Amt,Margin,Ref Amt,Item Name,Vendor Inv Date,Vendor Inv No
PJ010,Buyback,30-05-2025,1,DSJ-GRN-GRN-0525-627,16J7W35,MADANLAL CHHAGANLAL JEWELLERS,SOL-RND-0.18-0.22-J-VS2,RND,J,VS2,0.18,164000,29520,21050,500,0,0,0,10,2952,0,0,0,21050,26068,5018,21050,SOL,45774,BHORSB-6
PJ010,Buyback,30-05-2025,1,DSJ-GRN-GRN-0525-627,11Y0L61,MADANLAL CHHAGANLAL JEWELLERS,SOL-RND-0.14-0.17-EF-VS,RND,EF,VS,0.15,194000,29100,20161,500,0,0,0,10,2910,0,0,0,20161,25690,5529,20161,SOL,45774,BHORSB-6
PJ010,Buyback,30-05-2025,1,DSJ-GRN-GRN-0525-627,T7XVUKU,MADANLAL CHHAGANLAL JEWELLERS,SOL-RND-1.00-1.23-H-VS1,RND,H,VS1,1.03,460000,473800,364826,0,0,0,0,10,47380,0,0,0,364826,426420,61594,364826,SOL,45774,BHORSB-6
PJ010,Buyback,28-05-2025,1,DSJ-GRN-GRN-0525-608,14P5M71,MADANLAL CHHAGANLAL JEWELLERS,SOL-RND-1.70-1.99-K-VS1,RND,K,VS1,1.8,510000,918000,734400,0,0,0,0,10,91800,0,0,0,734400,826200,91800,734400,SOL,45790,BHORSB-19
PJ059,Buyback,28-05-2025,1,DSJ-GRN-GRN-0525-610,13X8T38,RATNALAYA JEWELLERS,SOL-RND-0.30-0.38-I-VS1,RND,I,VS1,0.32,164000,52480,36236,500,0,0,0,10,5248,0,0,0,36236,46732,10496,36236,SOL,45801,HOIN252617
PJ010,Buyback,11-06-2025,1,DSJ-GRN-GRN-0625-656,2TAPQYA,MADANLAL CHHAGANLAL JEWELLERS,SOL-RND-0.18-0.22-I-VVS2,RND,I,VVS2,0.18,188000,33840,24203,500,0,0,0,10,3384,0,0,0,24203,29956,5753,24203,SOL,45818,BHORSB-32
PJ010,Buyback,30-05-2025,1,DSJ-GRN-GRN-0525-627,15M5N17,MADANLAL CHHAGANLAL JEWELLERS,SOL-RND-0.80-0.89-H-VS1,RND,H,VS1,0.81,318000,257580,193185,0,0,0,0,10,25758,0,0,0,193185,231822,38637,193185,SOL,45774,BHORSB-6
PJ010,Buyback,28-05-2025,1,DSJ-GRN-GRN-0525-608,10L1A94,MADANLAL CHHAGANLAL JEWELLERS,SOL-RND-1.70-1.99-K-VS1,RND,K,VS1,1.8,510000,918000,734400,0,0,0,0,10,91800,0,0,0,734400,826200,91800,734400,SOL,45790,BHORSB-19
RET010,Buyback,27-05-2025,1,DSJ-GRN-GRN-0525-603,13N8Q52,SIDDHARTH GALA,SOL-RND-0.30-0.38-F-SI2,RND,F,SI2,0.31,167000,51770,46593,0,0,0,0,10,5177,0,0,0,46593,46593,0,46593,SOL,45782,27052025
PJ010,Buyback,30-05-2025,1,DSJ-GRN-GRN-0525-627,15Y7Y39,MADANLAL CHHAGANLAL JEWELLERS,SOL-RND-0.50-0.59-I-VS1,RND,I,VS1,0.54,200000,108000,81000,0,0,0,0,10,10800,0,0,0,81000,97200,16200,81000,SOL,45774,BHORSB-6
PJ010,Buyback,30-05-2025,1,DSJ-GRN-GRN-0525-627,003J082050,MADANLAL CHHAGANLAL JEWELLERS,SOL-RND-0.70-0.79-F-IF,RND,F,IF,0.71,450000,319500,239125,500,0,0,0,10,31950,0,0,0,239125,287050,47925,239125,SOL,45774,BHORSB-6
PJ010,Buyback,30-05-2025,1,DSJ-GRN-GRN-0525-627,15Z0F59,MADANLAL CHHAGANLAL JEWELLERS,SOL-RND-0.14-0.17-EF-VS,RND,EF,VS,0.16,194000,31040,21538,500,0,0,0,10,3104,0,0,0,21538,27436,5898,21538,SOL,45774,BHORSB-6
PJ010,Buyback,11-06-2025,1,DSJ-GRN-GRN-0625-656,13I3P42,MADANLAL CHHAGANLAL JEWELLERS,SOL-RND-0.18-0.22-I-VVS2,RND,I,VVS2,0.18,188000,33840,24203,500,0,0,0,10,3384,0,0,0,24203,29956,5753,24203,SOL,45818,BHORSB-32
PJ062,Buyback,17-06-2025,1,DSJ-GRN-GRN-0625-669,22W4Y63,ARHAM ZAVERI,SOL-RND-0.60-0.69-G-VVS2,RND,G,VVS2,0.6,270000,162000,131220,0,0,0,0,10,16200,0,0,0,131220,145800,14580,131220,SOL,45813,017/25-26
PJ042,Buyback,16-06-2025,1,DSJ-GRN-GRN-0625-663,11R3P28,TEJASWI JEWELLERS JAWAHARLAL MOTILAL SARAF,SOL-RND-0.90-0.99-J-VS2,RND,J,VS2,0.9,274000,246600,184450,500,0,0,0,10,24660,0,0,0,184450,221440,36990,184450,SOL,45820,DS/306/25-26
PJ010,Buyback,30-05-2025,1,DSJ-GRN-GRN-0525-627,13I8H11,MADANLAL CHHAGANLAL JEWELLERS,SOL-RND-0.50-0.59-I-VS1,RND,I,VS1,0.52,200000,104000,78000,0,0,0,0,10,10400,0,0,0,78000,93600,15600,78000,SOL,45774,BHORSB-6
PJ010,Buyback,30-05-2025,1,DSJ-GRN-GRN-0525-627,16J3I85,MADANLAL CHHAGANLAL JEWELLERS,SOL-RND-0.80-0.89-H-VS1,RND,H,VS1,0.8,318000,254400,190800,0,0,0,0,10,25440,0,0,0,190800,228960,38160,190800,SOL,45774,BHORSB-6
PJ019,SOR Purchase,28-05-2025,1,DSJ-GRN-GRN-0525-612,12P9H36,KULDIP SONS JEWELLERS PVT LTD,SOL-RND-0.39-0.44-G-IF,RND,G,IF,0.4,291000,116400,93120,0,0,0,0,0,0,0,0,0,93120,116400,23280,93120,SOL,45805,26
PJ050,Upgrade,12-04-2025,1,DSJ-GRN-GRN-0425-544,11O6T36,BANSAL JEWELLERS (RUDRAPUR),SOL-RND-0.45-0.49-E-VVS2,RND,E,VVS2,0.45,259000,116550,92740,500,0,0,0,0,0,0,0,0,92740,116050,23310,92740,SOL,45749,HOSL/4
PJ054,Upgrade,22-05-2025,1,DSJ-GRN-GRN-0525-590,12G0B33,PANDIT JEWELLERS PVT LTD,SOL-RND-0.60-0.69-G-VS2,RND,G,VS2,0.61,257000,156770,128051,500,0,0,0,0,0,0,0,0,128051,156270,28219,128051,SOL,45795,PJPL/897
PJ010,Upgrade,11-06-2025,1,DSJ-GRN-GRN-0625-655,15Z9G25,MADANLAL CHHAGANLAL JEWELLERS,SOL-RND-0.14-0.17-EF-SI,RND,EF,SI,0.16,153000,24480,19829,0,0,0,0,0,0,0,0,0,19829,24480,4651,19829,SOL,45818,BHORSB-32
PJ019,Upgrade,12-04-2025,1,DSJ-GRN-GRN-0425-547,11Q9Y44,KULDIP SONS JEWELLERS PVT LTD,SOL-RND-0.30-0.38-G-VS1,RND,G,VS1,0.3,188000,56400,39930,500,0,3500,0,0,0,0,0,0,39930,52400,12470,39930,SOL,45750,1
PJ019,Upgrade,12-04-2025,1,DSJ-GRN-GRN-0425-547,13H0J17,KULDIP SONS JEWELLERS PVT LTD,SOL-RND-0.30-0.38-G-VS1,RND,G,VS1,0.36,188000,67680,45632,500,0,9140,0,0,0,0,0,0,45632,58040,12408,45632,SOL,45750,1
PJ050,Upgrade,26-05-2025,1,DSJ-GRN-GRN-0525-593,71I4O95,BANSAL JEWELLERS (RUDRAPUR),SOL-RND-0.23-0.29-G-VVS1,RND,G,VVS1,0.26,221000,57460,45468,500,0,0,0,0,0,0,0,0,45468,56960,11492,45468,SOL,45798,HOSL/22
PJ019,Upgrade,12-04-2025,1,DSJ-GRN-GRN-0425-547,16O6E50,KULDIP SONS JEWELLERS PVT LTD,SOL-RND-0.30-0.38-G-VS1,RND,G,VS1,0.3,188000,56400,39930,500,0,3500,0,0,0,0,0,0,39930,52400,12470,39930,SOL,45750,1
PJ049,Upgrade,11-06-2025,1,DSJ-GRN-GRN-0625-660,37I8Q67,S.G. KAIGAONKAR (SAVEDI),SOL-RND-0.50-0.59-F-VVS1,RND,F,VVS1,0.56,361000,202160,165771,0,0,0,0,0,0,0,0,0,165771,202160,36389,165771,SOL,45815,SGK/MAY/01
PJ059,Upgrade,17-06-2025,1,DSJ-GRN-GRN-0625-670,13B8B01,RATNALAYA JEWELLERS,SOL-RND-0.30-0.38-E-IF,RND,E,IF,0.33,321000,105930,84744,0,0,0,0,0,0,0,0,0,84744,105930,21186,84744,SOL,45825,HOIN252628
PJ011,Upgrade,21-04-2025,1,DSJ-GRN-GRN-0425-560,38L3Q64,LALA PURSHOTTAM DAS JEWELLERS PVT LTD,SOL-RND-1.00-1.23-H-VS1,RND,H,VS1,1.2,460000,552000,469200,0,0,0,0,0,0,0,0,0,469200,552000,82800,469200,SOL,45766,S/297
PJ016,Upgrade,04-06-2025,1,DSJ-GRN-GRN-0625-634,16D3J47,D P ABHUSHAN LTD,SOL-RND-0.30-0.38-H-VS2,RND,H,VS2,0.3,176000,52800,42240,0,0,0,0,0,0,0,0,0,42240,52800,10560,42240,SOL,45810,LHORDSA-220
PJ005,Upgrade,05-06-2025,1,DSJ-GRN-GRN-0625-637,12F5M37,SHREE BALKRISHNA JEWELLERS,SOL-RND-0.10-0.13-EF-VVS,RND,EF,VVS,0.1,198000,19800,15444,0,0,0,0,0,0,0,0,0,15444,19800,4356,15444,SOL,45811,GS/1354
PJ050,Upgrade,26-05-2025,1,DSJ-GRN-GRN-0525-593,17Z4U29,BANSAL JEWELLERS (RUDRAPUR),SOL-RND-0.23-0.29-K-SI1,RND,K,SI1,0.23,160000,36800,29440,0,0,0,0,0,0,0,0,0,29440,36800,7360,29440,SOL,45798,HOSL/22
PJ016,Upgrade,04-06-2025,1,DSJ-GRN-GRN-0625-634,2L870-00946,D P ABHUSHAN LTD,SOL-RND-0.23-0.29-G-VS2,RND,G,VS2,0.25,208000,52000,41600,0,0,0,0,0,0,0,0,0,41600,52000,10400,41600,SOL,45810,LHORDSA-220
PJ050,Upgrade,26-05-2025,1,DSJ-GRN-GRN-0525-593,17R7O53,BANSAL JEWELLERS (RUDRAPUR),SOL-RND-0.23-0.29-K-SI1,RND,K,SI1,0.23,160000,36800,29440,0,0,0,0,0,0,0,0,0,29440,36800,7360,29440,SOL,45798,HOSL/22
PJ010,Upgrade,11-06-2025,1,DSJ-GRN-GRN-0625-655,73YK9G9,MADANLAL CHHAGANLAL JEWELLERS,SOL-RND-0.14-0.17-EF-SI,RND,EF,SI,0.16,153000,24480,19829,0,0,0,0,0,0,0,0,0,19829,24480,4651,19829,SOL,45818,BHORSB-32
PJ005,Upgrade,05-06-2025,1,DSJ-GRN-GRN-0625-637,11N3R24,SHREE BALKRISHNA JEWELLERS,SOL-RND-0.10-0.13-EF-VVS,RND,EF,VVS,0.1,198000,19800,15444,0,0,0,0,0,0,0,0,0,15444,19800,4356,15444,SOL,45811,GS/1354
PJ019,Upgrade,12-04-2025,1,DSJ-GRN-GRN-0425-547,17S4U09,KULDIP SONS JEWELLERS PVT LTD,SOL-RND-0.30-0.38-G-VS1,RND,G,VS1,0.35,188000,65800,47136,500,0,5380,0,0,0,0,0,0,47136,59920,12784,47136,SOL,45750,1
PJ054,Upgrade,22-05-2025,1,DSJ-GRN-GRN-0525-590,12T1O53,PANDIT JEWELLERS PVT LTD,SOL-RND-0.60-0.69-G-VS2,RND,G,VS2,0.63,257000,161910,132266,500,0,0,0,0,0,0,0,0,132266,161410,29144,132266,SOL,45795,PJPL/897
PJ014,Full Exchange,16-04-2025,1,DSJ-GRN-GRN-0425-558,64J6J88,ABHARAN JEWELLERS PVT LTD.(UDUPI),SOL-RND-0.30-0.38-G-VS1,RND,G,VS1,0.3,185000,55500,42735,0,0,0,0,23,12765,0,0,0,42735,42735,0,42735,SOL,45758,W25VS42
PJ014,Full Exchange,16-04-2025,1,DSJ-GRN-GRN-0425-558,15G1O50,ABHARAN JEWELLERS PVT LTD.(UDUPI),SOL-RND-0.10-0.13-EF-VVS,RND,EF,VVS,0.13,194000,25220,18915,0,0,0,0,25,6305,0,0,0,18915,18915,0,18915,SOL,45758,W25VS42
PJ014,Full Exchange,16-04-2025,1,DSJ-GRN-GRN-0425-558,14M9L52,ABHARAN JEWELLERS PVT LTD.(UDUPI),SOL-RND-0.10-0.13-EF-VVS,RND,EF,VVS,0.1,194000,19400,14550,0,0,0,0,25,4850,0,0,0,14550,14550,0,14550,SOL,45758,W25VS42
PJ014,Full Exchange,16-04-2025,1,DSJ-GRN-GRN-0425-558,15K6Y35,ABHARAN JEWELLERS PVT LTD.(UDUPI),SOL-RND-0.10-0.13-EF-VVS,RND,EF,VVS,0.1,194000,19400,14550,0,0,0,0,25,4850,0,0,0,14550,14550,0,14550,SOL,45758,W25VS42
PJ065,Full Exchange,23-05-2025,1,DSJ-GRN-GRN-0525-592,63I8B91,FINE JEWELS,SOL-RND-0.30-0.38-J-VVS2,RND,J,VVS2,0.36,151000,54360,43488,0,0,0,0,0,0,0,0,0,43488,54360,10872,43488,SOL,45789,FJ/05/25-26
PJ065,Full Exchange,23-05-2025,1,DSJ-GRN-GRN-0525-592,17X8L09,FINE JEWELS,SOL-RND-0.50-0.59-H-VVS1,RND,H,VVS1,0.57,235000,133950,109839,0,0,0,0,0,0,0,0,0,109839,133950,24111,109839,SOL,45789,FJ/05/25-26
PJ065,Full Exchange,23-05-2025,1,DSJ-GRN-GRN-0525-592,14A9Z68,FINE JEWELS,SOL-RND-0.39-0.44-K-VS1,RND,K,VS1,0.4,147000,58800,47040,0,0,0,0,0,0,0,0,0,47040,58800,11760,47040,SOL,45789,FJ/05/25-26
PJ065,Full Exchange,23-05-2025,1,DSJ-GRN-GRN-0525-592,10O8U17,FINE JEWELS,SOL-RND-0.14-0.17-EF-VVS,RND,EF,VVS,0.17,208000,35360,27581,0,0,0,0,0,0,0,0,0,27581,35360,7779,27581,SOL,45789,FJ/05/25-26
PJ065,Full Exchange,23-05-2025,1,DSJ-GRN-GRN-0525-592,10H6A39,FINE JEWELS,SOL-RND-0.90-0.99-G-VS1,RND,G,VS1,0.91,462000,420420,344744,0,0,0,0,0,0,0,0,0,344744,420420,75676,344744,SOL,45789,FJ/05/25-26
PJ005,Full Exchange,05-06-2025,1,DSJ-GRN-GRN-0625-635,28K7O41,SHREE BALKRISHNA JEWELLERS,SOL-RND-0.70-0.79-G-IF,RND,G,IF,0.74,405000,299700,245254,500,0,0,0,0,0,0,0,0,245254,299200,53946,245254,SOL,45811,GS/1353
PJ014,Full Exchange,16-04-2025,1,DSJ-GRN-GRN-0425-558,13Q0X65,ABHARAN JEWELLERS PVT LTD.(UDUPI),SOL-RND-0.10-0.13-EF-VVS,RND,EF,VVS,0.1,194000,19400,14550,0,0,0,0,25,4850,0,0,0,14550,14550,0,14550,SOL,45758,W25VS42
PJ014,Full Exchange,16-04-2025,1,DSJ-GRN-GRN-0425-558,10C4J39,ABHARAN JEWELLERS PVT LTD.(UDUPI),SOL-RND-0.10-0.13-EF-VVS,RND,EF,VVS,0.1,194000,19400,14050,500,0,0,0,25,4850,0,0,0,14050,14050,0,14050,SOL,45758,W25VS42
PJ014,Full Exchange,16-04-2025,1,DSJ-GRN-GRN-0425-558,11V6C82,ABHARAN JEWELLERS PVT LTD.(UDUPI),SOL-RND-0.10-0.13-EF-VVS,RND,EF,VVS,0.12,194000,23280,17460,0,0,0,0,25,5820,0,0,0,17460,17460,0,17460,SOL,45758,W25VS42
PJ014,Full Exchange,16-04-2025,1,DSJ-GRN-GRN-0425-558,11U6U58,ABHARAN JEWELLERS PVT LTD.(UDUPI),SOL-RND-0.10-0.13-EF-VVS,RND,EF,VVS,0.1,194000,19400,14550,0,0,0,0,25,4850,0,0,0,14550,14550,0,14550,SOL,45758,W25VS42
PJ065,Full Exchange,23-05-2025,1,DSJ-GRN-GRN-0525-592,13H6X33,FINE JEWELS,SOL-RND-0.14-0.17-EF-VVS,RND,EF,VVS,0.17,208000,35360,27581,0,0,0,0,0,0,0,0,0,27581,35360,7779,27581,SOL,45789,FJ/05/25-26
PJ065,Full Exchange,23-05-2025,1,DSJ-GRN-GRN-0525-592,13E5Y49,FINE JEWELS,SOL-RND-0.10-0.13-EF-VVS,RND,EF,VVS,0.12,198000,23760,18533,0,0,0,0,0,0,0,0,0,18533,23760,5227,18533,SOL,45789,FJ/05/25-26
PJ065,Full Exchange,23-05-2025,1,DSJ-GRN-GRN-0525-592,17O3I67,FINE JEWELS,SOL-RND-0.10-0.13-EF-VVS,RND,EF,VVS,0.12,198000,23760,18533,0,0,0,0,0,0,0,0,0,18533,23760,5227,18533,SOL,45789,FJ/05/25-26
PJ065,Full Exchange,23-05-2025,1,DSJ-GRN-GRN-0525-592,70P7U25,FINE JEWELS,SOL-RND-0.30-0.38-J-VVS1,RND,J,VVS1,0.3,153000,45900,36720,0,0,0,0,0,0,0,0,0,36720,45900,9180,36720,SOL,45789,FJ/05/25-26
PJ006,Full Exchange,12-06-2025,1,DSJ-GRN-GRN-0625-662,0L870-06380,SANT RAM MANGAT RAM JEWELLERS PVT LTD,SOL-RND-0.90-0.99-J-VS2,RND,J,VS2,0.9,280000,252000,163861,0,5000,53340,0,0,0,0,0,0,163861,193660,29799,163861,SOL,45819,2526024
PJ005,Full Exchange,05-06-2025,1,DSJ-GRN-GRN-0625-641,11N1K38,SHREE BALKRISHNA JEWELLERS,SOL-RND-0.14-0.17-GH-VVS,RND,GH,VVS,0.16,198000,31680,24710,0,0,0,0,0,0,0,0,0,24710,31680,6970,24710,SOL,45813,GS/1390
PJ005,Full Exchange,05-06-2025,1,DSJ-GRN-GRN-0625-641,62C8U25,SHREE BALKRISHNA JEWELLERS,SOL-RND-0.14-0.17-EF-VVS,RND,EF,VVS,0.17,208000,35360,27581,0,0,0,0,0,0,0,0,0,27581,35360,7779,27581,SOL,45813,GS/1390
PJ014,Full Exchange,16-04-2025,1,DSJ-GRN-GRN-0425-558,13T1B66,ABHARAN JEWELLERS PVT LTD.(UDUPI),SOL-RND-0.10-0.13-EF-VVS,RND,EF,VVS,0.13,194000,25220,18415,500,0,0,0,25,6305,0,0,0,18415,18415,0,18415,SOL,45758,W25VS42
PJ014,Full Exchange,16-04-2025,1,DSJ-GRN-GRN-0425-558,18R1Q41,ABHARAN JEWELLERS PVT LTD.(UDUPI),SOL-RND-0.18-0.22-K-VVS2,RND,K,VVS2,0.21,163000,34230,26357.1,0,0,0,0,23,7872.9,0,0,0,26357.1,26357.1,0,26357.1,SOL,45758,W25VS42
PJ014,Full Exchange,16-04-2025,1,DSJ-GRN-GRN-0425-558,10P1H40,ABHARAN JEWELLERS PVT LTD.(UDUPI),SOL-RND-0.10-0.13-EF-VVS,RND,EF,VVS,0.1,194000,19400,14550,0,0,0,0,25,4850,0,0,0,14550,14550,0,14550,SOL,45758,W25VS42
PJ014,Full Exchange,16-04-2025,1,DSJ-GRN-GRN-0425-558,15C2L21,ABHARAN JEWELLERS PVT LTD.(UDUPI),SOL-RND-0.10-0.13-EF-VVS,RND,EF,VVS,0.13,194000,25220,18415,500,0,0,0,25,6305,0,0,0,18415,18415,0,18415,SOL,45758,W25VS42
PJ014,Full Exchange,16-04-2025,1,DSJ-GRN-GRN-0425-558,15G1F71,ABHARAN JEWELLERS PVT LTD.(UDUPI),SOL-RND-0.10-0.13-EF-VVS,RND,EF,VVS,0.13,194000,25220,18915,0,0,0,0,25,6305,0,0,0,18915,18915,0,18915,SOL,45758,W25VS42
PJ014,Full Exchange,16-04-2025,1,DSJ-GRN-GRN-0425-558,10A1I88,ABHARAN JEWELLERS PVT LTD.(UDUPI),SOL-RND-0.10-0.13-EF-VVS,RND,EF,VVS,0.1,194000,19400,14550,0,0,0,0,25,4850,0,0,0,14550,14550,0,14550,SOL,45758,W25VS42
PJ005,Full Exchange,05-06-2025,1,DSJ-GRN-GRN-0625-635,70D9B23,SHREE BALKRISHNA JEWELLERS,SOL-RND-0.70-0.79-G-IF,RND,G,IF,0.76,405000,307800,251896,500,0,0,0,0,0,0,0,0,251896,307300,55404,251896,SOL,45811,GS/1353
PJ014,Full Exchange,16-04-2025,1,DSJ-GRN-GRN-0425-558,12T0L69,ABHARAN JEWELLERS PVT LTD.(UDUPI),SOL-RND-0.10-0.13-EF-VVS,RND,EF,VVS,0.13,194000,25220,18915,0,0,0,0,25,6305,0,0,0,18915,18915,0,18915,SOL,45758,W25VS42
PJ014,Full Exchange,16-04-2025,1,DSJ-GRN-GRN-0425-558,12P3R68,ABHARAN JEWELLERS PVT LTD.(UDUPI),SOL-RND-0.10-0.13-EF-VVS,RND,EF,VVS,0.1,194000,19400,14550,0,0,0,0,25,4850,0,0,0,14550,14550,0,14550,SOL,45758,W25VS42
PJ014,Full Exchange,16-04-2025,1,DSJ-GRN-GRN-0425-558,15N7G03,ABHARAN JEWELLERS PVT LTD.(UDUPI),SOL-RND-0.18-0.22-H-VVS2,RND,H,VVS2,0.19,197000,37430,28821.1,0,0,0,0,23,8608.9,0,0,0,28821.1,28821.1,0,28821.1,SOL,45758,W25VS42
PJ014,Full Exchange,16-04-2025,1,DSJ-GRN-GRN-0425-558,12E4Z38,ABHARAN JEWELLERS PVT LTD.(UDUPI),SOL-RND-0.10-0.13-EF-VVS,RND,EF,VVS,0.13,194000,25220,18915,0,0,0,0,25,6305,0,0,0,18915,18915,0,18915,SOL,45758,W25VS42
PJ014,Full Exchange,16-04-2025,1,DSJ-GRN-GRN-0425-558,11Y9I21,ABHARAN JEWELLERS PVT LTD.(UDUPI),SOL-RND-0.10-0.13-EF-VVS,RND,EF,VVS,0.1,194000,19400,14050,500,0,0,0,25,4850,0,0,0,14050,14050,0,14050,SOL,45758,W25VS42
PJ014,Full Exchange,16-04-2025,1,DSJ-GRN-GRN-0425-558,12G2Q09,ABHARAN JEWELLERS PVT LTD.(UDUPI),SOL-RND-0.10-0.13-EF-VVS,RND,EF,VVS,0.12,194000,23280,17460,0,0,0,0,25,5820,0,0,0,17460,17460,0,17460,SOL,45758,W25VS42
PJ014,Full Exchange,16-04-2025,1,DSJ-GRN-GRN-0425-558,18H5I13,ABHARAN JEWELLERS PVT LTD.(UDUPI),SOL-RND-0.10-0.13-EF-VVS,RND,EF,VVS,0.13,194000,25220,18415,500,0,0,0,25,6305,0,0,0,18415,18415,0,18415,SOL,45758,W25VS42
PJ014,Full Exchange,16-04-2025,1,DSJ-GRN-GRN-0425-558,18P1U22,ABHARAN JEWELLERS PVT LTD.(UDUPI),SOL-RND-0.18-0.22-D-VS2,RND,D,VS2,0.2,192000,38400,29068,500,0,0,0,23,8832,0,0,0,29068,29068,0,29068,SOL,45758,W25VS42
PJ016,Full Exchange,16-05-2025,1,DSJ-GRN-GRN-0525-579,11L0F89,D P ABHUSHAN LTD,SOL-RND-0.18-0.22-D-IF,RND,D,IF,0.22,298000,65560,52448,0,0,0,0,0,0,0,0,0,52448,65560,13112,52448,SOL,45784,LHORDSA-93
PJ065,Full Exchange,23-05-2025,1,DSJ-GRN-GRN-0525-592,5G210-02955,FINE JEWELS,SOL-RND-0.60-0.69-H-VS1,RND,H,VS1,0.61,242000,147620,121048,0,0,0,0,0,0,0,0,0,121048,147620,26572,121048,SOL,45789,FJ/05/25-26
PJ065,Full Exchange,23-05-2025,1,DSJ-GRN-GRN-0525-592,66T6A54,FINE JEWELS,SOL-RND-0.50-0.59-I-VS2,RND,I,VS2,0.5,189000,94500,77490,0,0,0,0,0,0,0,0,0,77490,94500,17010,77490,SOL,45789,FJ/05/25-26
PJ065,Full Exchange,23-05-2025,1,DSJ-GRN-GRN-0525-592,17X6G65,FINE JEWELS,SOL-RND-0.23-0.29-D-IF,RND,D,IF,0.24,310000,74400,59520,0,0,0,0,0,0,0,0,0,59520,74400,14880,59520,SOL,45789,FJ/05/25-26
PJ005,Full Exchange,05-06-2025,1,DSJ-GRN-GRN-0625-635,5D417-02283,SHREE BALKRISHNA JEWELLERS,SOL-RND-0.70-0.79-H-VVS2,RND,H,VVS2,0.7,295000,206500,168830,500,0,0,0,0,0,0,0,0,168830,206000,37170,168830,SOL,45811,GS/1353
PJ005,Full Exchange,20-06-2025,1,DSJ-GRN-GRN-0625-674,40S3J40,SHREE BALKRISHNA JEWELLERS,SOL-RND-1.00-1.23-G-VVS1,RND,G,VVS1,1.03,704000,725120,611202,5150,0,0,0,0,0,0,0,0,611202,719970,108768,611202,SOL,45828,GS/1592
PJ014,Full Exchange,16-04-2025,1,DSJ-GRN-GRN-0425-558,15F0N30,ABHARAN JEWELLERS PVT LTD.(UDUPI),SOL-RND-0.10-0.13-EF-VVS,RND,EF,VVS,0.13,194000,25220,18915,0,0,0,0,25,6305,0,0,0,18915,18915,0,18915,SOL,45758,W25VS42
PJ014,Full Exchange,16-04-2025,1,DSJ-GRN-GRN-0425-558,14H2C44,ABHARAN JEWELLERS PVT LTD.(UDUPI),SOL-RND-0.10-0.13-EF-VVS,RND,EF,VVS,0.13,194000,25220,18915,0,0,0,0,25,6305,0,0,0,18915,18915,0,18915,SOL,45758,W25VS42
PJ050,Full Exchange,06-05-2025,1,DSJ-GRN-GRN-0525-569,78D1V60,BANSAL JEWELLERS (RUDRAPUR),SOL-RND-0.30-0.38-F-VS1,RND,F,VS1,0.31,217000,67270,41112,500,5000,8130,0,0,0,0,0,0,41112,53640,12528,41112,SOL,45783,HOSL/13
PJ016,Full Exchange,16-05-2025,1,DSJ-GRN-GRN-0525-579,11P8J80,D P ABHUSHAN LTD,SOL-RND-1.50-1.69-G-VS1,RND,G,VS1,1.6,813000,1300800,1144704,0,0,0,0,0,0,0,0,0,1144704,1300800,156096,1144704,SOL,45784,LHORDSA-93
PJ065,Full Exchange,23-05-2025,1,DSJ-GRN-GRN-0525-592,12M8Y47,FINE JEWELS,SOL-RND-0.10-0.13-EF-VVS,RND,EF,VVS,0.12,198000,23760,18533,0,0,0,0,0,0,0,0,0,18533,23760,5227,18533,SOL,45789,FJ/05/25-26
PJ065,Full Exchange,23-05-2025,1,DSJ-GRN-GRN-0525-592,13F5Z60,FINE JEWELS,SOL-RND-0.50-0.59-G-VVS2,RND,G,VVS2,0.56,261000,146160,119851,0,0,0,0,0,0,0,0,0,119851,146160,26309,119851,SOL,45789,FJ/05/25-26
PJ065,Full Exchange,23-05-2025,1,DSJ-GRN-GRN-0525-592,90M2J70,FINE JEWELS,SOL-RND-0.39-0.44-E-VVS1,RND,E,VVS1,0.43,342000,147060,117648,0,0,0,0,0,0,0,0,0,117648,147060,29412,117648,SOL,45789,FJ/05/25-26
PJ065,Full Exchange,23-05-2025,1,DSJ-GRN-GRN-0525-592,5F159-18072,FINE JEWELS,SOL-RND-1.00-1.23-I-SI1,RND,I,SI1,1.05,359000,376950,320407,0,0,0,0,0,0,0,0,0,320407,376950,56543,320407,SOL,45789,FJ/05/25-26
PJ005,Full Exchange,05-06-2025,1,DSJ-GRN-GRN-0625-635,57H5Z56,SHREE BALKRISHNA JEWELLERS,SOL-RND-0.70-0.79-F-VS1,RND,F,VS1,0.73,325000,237250,194045,500,0,0,0,0,0,0,0,0,194045,236750,42705,194045,SOL,45811,GS/1353
PJ005,Full Exchange,05-06-2025,1,DSJ-GRN-GRN-0625-635,25D7L29,SHREE BALKRISHNA JEWELLERS,SOL-RND-0.70-0.79-G-IF,RND,G,IF,0.76,405000,307800,251896,500,0,0,0,0,0,0,0,0,251896,307300,55404,251896,SOL,45811,GS/1353
PJ005,Full Exchange,05-06-2025,1,DSJ-GRN-GRN-0625-635,75R5R77,SHREE BALKRISHNA JEWELLERS,SOL-RND-0.70-0.79-G-VVS1,RND,G,VVS1,0.72,355000,255600,209092,500,0,0,0,0,0,0,0,0,209092,255100,46008,209092,SOL,45811,GS/1353
PJ014,Full Exchange,16-04-2025,1,DSJ-GRN-GRN-0425-558,12L7B16,ABHARAN JEWELLERS PVT LTD.(UDUPI),SOL-RND-0.10-0.13-EF-VVS,RND,EF,VVS,0.13,194000,25220,18415,500,0,0,0,25,6305,0,0,0,18415,18415,0,18415,SOL,45758,W25VS42
PJ014,Full Exchange,16-04-2025,1,DSJ-GRN-GRN-0425-558,15P2P20,ABHARAN JEWELLERS PVT LTD.(UDUPI),SOL-RND-0.10-0.13-EF-VVS,RND,EF,VVS,0.13,194000,25220,18415,500,0,0,0,25,6305,0,0,0,18415,18415,0,18415,SOL,45758,W25VS42
PJ014,Full Exchange,16-04-2025,1,DSJ-GRN-GRN-0425-558,11C6Y65,ABHARAN JEWELLERS PVT LTD.(UDUPI),SOL-RND-0.18-0.22-J-SI1,RND,J,SI1,0.19,156000,29640,22822.8,0,0,0,0,23,6817.2,0,0,0,22822.8,22822.8,0,22822.8,SOL,45758,W25VS42
PJ014,Full Exchange,12-04-2025,1,DSJ-GRN-GRN-0425-549,YGT3TT4,ABHARAN JEWELLERS PVT LTD.(UDUPI),SOL-PRN-0.70-0.79-E-VVS1,PRN,E,VVS1,0.71,377000,267670,211459,0,0,0,0,0,0,0,0,0,211459,267670,56211,211459,SOL,45752,W25VS5
PJ065,Full Exchange,23-05-2025,1,DSJ-GRN-GRN-0525-592,14Z3B30,FINE JEWELS,SOL-RND-0.30-0.38-D-VS1,RND,D,VS1,0.37,222000,82140,65712,0,0,0,0,0,0,0,0,0,65712,82140,16428,65712,SOL,45789,FJ/05/25-26
PJ065,Full Exchange,23-05-2025,1,DSJ-GRN-GRN-0525-592,4B122-13501,FINE JEWELS,SOL-RND-0.39-0.44-H-VS1,RND,H,VS1,0.4,200000,80000,64000,0,0,0,0,0,0,0,0,0,64000,80000,16000,64000,SOL,45789,FJ/05/25-26
PJ005,Full Exchange,05-06-2025,1,DSJ-GRN-GRN-0625-635,65H1V30,SHREE BALKRISHNA JEWELLERS,SOL-RND-0.70-0.79-F-IF,RND,F,IF,0.73,457000,333610,273060,500,0,0,0,0,0,0,0,0,273060,333110,60050,273060,SOL,45811,GS/1353
PJ005,Full Exchange,05-06-2025,1,DSJ-GRN-GRN-0625-635,65B3B34,SHREE BALKRISHNA JEWELLERS,SOL-RND-0.70-0.79-H-VS1,RND,H,VS1,0.78,288000,224640,183705,500,0,0,0,0,0,0,0,0,183705,224140,40435,183705,SOL,45811,GS/1353
PJ005,Full Exchange,20-06-2025,1,DSJ-GRN-GRN-0625-674,5L870-03799,SHREE BALKRISHNA JEWELLERS,SOL-RND-0.70-0.79-F-VVS1,RND,F,VVS1,0.7,451000,315700,258374,500,0,0,0,0,0,0,0,0,258374,315200,56826,258374,SOL,45828,GS/1592
PJ065,Full Exchange,23-05-2025,1,DSJ-GRN-GRN-0525-592,26R8B47,FINE JEWELS,SOL-RND-0.30-0.38-J-VVS2,RND,J,VVS2,0.32,151000,48320,38656,0,0,0,0,0,0,0,0,0,38656,48320,9664,38656,SOL,45789,FJ/05/25-26
PJ065,Full Exchange,23-05-2025,1,DSJ-GRN-GRN-0525-592,58G7Q86,FINE JEWELS,SOL-RND-0.30-0.38-H-VVS2,RND,H,VVS2,0.34,199000,67660,54128,0,0,0,0,0,0,0,0,0,54128,67660,13532,54128,SOL,45789,FJ/05/25-26
PJ065,Full Exchange,23-05-2025,1,DSJ-GRN-GRN-0525-592,11U9J45,FINE JEWELS,SOL-RND-0.10-0.13-EF-VVS,RND,EF,VVS,0.12,198000,23760,18533,0,0,0,0,0,0,0,0,0,18533,23760,5227,18533,SOL,45789,FJ/05/25-26
PJ005,Full Exchange,05-06-2025,1,DSJ-GRN-GRN-0625-635,11O9M60,SHREE BALKRISHNA JEWELLERS,SOL-RND-0.70-0.79-F-VVS1,RND,F,VVS1,0.71,420000,298200,244024,500,0,0,0,0,0,0,0,0,244024,297700,53676,244024,SOL,45811,GS/1353
PJ005,Full Exchange,05-06-2025,1,DSJ-GRN-GRN-0625-635,17I4J91,SHREE BALKRISHNA JEWELLERS,SOL-RND-0.30-0.38-G-VVS1,RND,G,VVS1,0.36,225000,81000,64300,500,0,0,0,0,0,0,0,0,64300,80500,16200,64300,SOL,45811,GS/1353
PJ005,Full Exchange,05-06-2025,1,DSJ-GRN-GRN-0625-635,84V6Q72,SHREE BALKRISHNA JEWELLERS,SOL-RND-0.70-0.79-G-IF,RND,G,IF,0.74,405000,299700,245254,500,0,0,0,0,0,0,0,0,245254,299200,53946,245254,SOL,45811,GS/1353
PJ014,Full Exchange,16-04-2025,1,DSJ-GRN-GRN-0425-558,15C8Y26,ABHARAN JEWELLERS PVT LTD.(UDUPI),SOL-RND-0.10-0.13-EF-VVS,RND,EF,VVS,0.13,194000,25220,18915,0,0,0,0,25,6305,0,0,0,18915,18915,0,18915,SOL,45758,W25VS42
PJ014,Full Exchange,16-04-2025,1,DSJ-GRN-GRN-0425-558,13W1Y62,ABHARAN JEWELLERS PVT LTD.(UDUPI),SOL-RND-0.18-0.22-H-VVS2,RND,H,VVS2,0.19,197000,37430,28821.1,0,0,0,0,23,8608.9,0,0,0,28821.1,28821.1,0,28821.1,SOL,45758,W25VS42
PJ014,Full Exchange,16-04-2025,1,DSJ-GRN-GRN-0425-558,18A8M03,ABHARAN JEWELLERS PVT LTD.(UDUPI),SOL-RND-0.10-0.13-EF-VVS,RND,EF,VVS,0.13,194000,25220,18915,0,0,0,0,25,6305,0,0,0,18915,18915,0,18915,SOL,45758,W25VS42
PJ156,Full Exchange,17-05-2025,1,DSJ-GRN-GRN-0525-588,13I3W80,SUDHAKAR GOPINATH TAK JEWELLERS,SOL-RND-0.30-0.38-I-VVS2,RND,I,VVS2,0.31,180000,55800,44640,0,0,0,0,0,0,0,0,0,44640,55800,11160,44640,SOL,45794,201
PJ065,Full Exchange,23-05-2025,1,DSJ-GRN-GRN-0525-592,12I2H07,FINE JEWELS,SOL-RND-0.10-0.13-EF-VVS,RND,EF,VVS,0.13,198000,25740,20077,0,0,0,0,0,0,0,0,0,20077,25740,5663,20077,SOL,45789,FJ/05/25-26
PJ065,Full Exchange,23-05-2025,1,DSJ-GRN-GRN-0525-592,11E5O86,FINE JEWELS,SOL-RND-0.14-0.17-EF-VVS,RND,EF,VVS,0.17,208000,35360,27581,0,0,0,0,0,0,0,0,0,27581,35360,7779,27581,SOL,45789,FJ/05/25-26
PJ005,Full Exchange,05-06-2025,1,DSJ-GRN-GRN-0625-635,18T9U86,SHREE BALKRISHNA JEWELLERS,SOL-RND-0.18-0.22-D-IF,RND,D,IF,0.18,298000,53640,42412,500,0,0,0,0,0,0,0,0,42412,53140,10728,42412,SOL,45811,GS/1353
PJ005,Full Exchange,05-06-2025,1,DSJ-GRN-GRN-0625-635,18G8L70,SHREE BALKRISHNA JEWELLERS,SOL-RND-0.70-0.79-H-VVS2,RND,H,VVS2,0.75,295000,221250,180925,500,0,0,0,0,0,0,0,0,180925,220750,39825,180925,SOL,45811,GS/1353
PJ050,Deducted Exchange,12-04-2025,1,DSJ-GRN-GRN-0425-543,17C6O60,BANSAL JEWELLERS (RUDRAPUR),SOL-RND-0.30-0.38-H-SI1,RND,H,SI1,0.31,174000,53940,41533.8,0,0,0,0,3,1618.2,0,0,0,41533.8,52321.8,10788,41533.8,SOL,45749,HOSL/1
PJ050,Deducted Exchange,26-05-2025,1,DSJ-GRN-GRN-0525-595,16F1R23,BANSAL JEWELLERS (RUDRAPUR),SOL-RND-0.10-0.13-IJ-VS,RND,IJ,VS,0.11,137000,15070,11302.9,0,0,0,0,3,452.1,0,0,0,11302.9,14617.9,3315,11302.9,SOL,45798,HOSL/20
PJ050,Deducted Exchange,26-05-2025,1,DSJ-GRN-GRN-0525-595,15T2Y41,BANSAL JEWELLERS (RUDRAPUR),SOL-RND-0.10-0.13-IJ-VS,RND,IJ,VS,0.1,137000,13700,10275,0,0,0,0,3,411,0,0,0,10275,13289,3014,10275,SOL,45798,HOSL/20
PJ011,Deducted Exchange,29-05-2025,1,DSJ-GRN-GRN-0525-621,4E555-14261,LALA PURSHOTTAM DAS JEWELLERS PVT LTD,SOL-RND-0.23-0.29-H-SI1,RND,H,SI1,0.23,179000,41170,31700.9,0,0,0,0,3,1235.1,0,0,0,31700.9,39934.9,8234,31700.9,SOL,45805,S/846
PJ050,Deducted Exchange,26-05-2025,1,DSJ-GRN-GRN-0525-594,16T4D75,BANSAL JEWELLERS (RUDRAPUR),SOL-RND-0.18-0.22-I-SI2,RND,I,SI2,0.22,159000,34980,26934.6,0,0,0,0,3,1049.4,0,0,0,26934.6,33930.6,6996,26934.6,SOL,45798,HOSL/22
PJ133,Deducted Exchange,11-06-2025,1,DSJ-GRN-GRN-0625-659,16G2L90,SAHELI JEWELLERS (RAIPUR),SOL-RND-0.10-0.13-IJ-VS,RND,IJ,VS,0.11,137000,15070,11302.9,0,0,0,0,3,452.1,0,0,0,11302.9,14617.9,3315,11302.9,SOL,45814,SJP/25-26/22
PJ133,Deducted Exchange,11-06-2025,1,DSJ-GRN-GRN-0625-659,17I3C49,SAHELI JEWELLERS (RAIPUR),SOL-RND-0.10-0.13-EF-SI,RND,EF,SI,0.1,139000,13900,10425,0,0,0,0,3,417,0,0,0,10425,13483,3058,10425,SOL,45814,SJP/25-26/22
PJ002,Deducted Exchange,09-04-2025,1,DSJ-GRN-GRN-0425-537,15R0C93,RANKA JEWELLERS PC PRIVATE LIMITED,SOL-RND-0.80-0.89-I-VVS2,RND,I,VVS2,0.82,286000,234520,192306.4,0,0,0,0,3,7035.6,0,0,0,192306.4,227484.4,35178,192306.4,SOL,45752,MHORSB-5
PJ002,Deducted Exchange,23-04-2025,1,DSJ-GRN-GRN-0425-561,47M8X20,RANKA JEWELLERS PC PRIVATE LIMITED,SOL-RND-0.50-0.59-E-VVS1,RND,E,VVS1,0.54,395000,213300,166392,500,5000,3606,0,3,6399,0,0,0,166392,197795,31403,166392,SOL,45770,MHORSB-29
PJ133,Deducted Exchange,11-06-2025,1,DSJ-GRN-GRN-0625-659,14D9X21,SAHELI JEWELLERS (RAIPUR),SOL-RND-0.10-0.13-IJ-VS,RND,IJ,VS,0.12,137000,16440,12329.8,0,0,0,0,3,493.2,0,0,0,12329.8,15946.8,3617,12329.8,SOL,45814,SJP/25-26/22
PJ002,Deducted Exchange,23-04-2025,1,DSJ-GRN-GRN-0425-561,11X1V93,RANKA JEWELLERS PC PRIVATE LIMITED,SOL-RND-0.80-0.89-I-VVS2,RND,I,VVS2,0.83,282000,234060,183777.2,500,5000,3075,0,3,7021.8,0,0,0,183777.2,218463.2,34686,183777.2,SOL,45770,MHORSB-29
PJ050,Deducted Exchange,26-05-2025,1,DSJ-GRN-GRN-0525-595,14U5N21,BANSAL JEWELLERS (RUDRAPUR),SOL-RND-0.10-0.13-IJ-VS,RND,IJ,VS,0.1,137000,13700,10275,0,0,0,0,3,411,0,0,0,10275,13289,3014,10275,SOL,45798,HOSL/20
PJ050,Deducted Exchange,26-05-2025,1,DSJ-GRN-GRN-0525-595,13B4Q77,BANSAL JEWELLERS (RUDRAPUR),SOL-RND-0.10-0.13-IJ-VS,RND,IJ,VS,0.11,137000,15070,11302.9,0,0,0,0,3,452.1,0,0,0,11302.9,14617.9,3315,11302.9,SOL,45798,HOSL/20
PJ133,Deducted Exchange,11-06-2025,1,DSJ-GRN-GRN-0625-659,18M6X63,SAHELI JEWELLERS (RAIPUR),SOL-RND-0.10-0.13-IJ-VS,RND,IJ,VS,0.12,137000,16440,12329.8,0,0,0,0,3,493.2,0,0,0,12329.8,15946.8,3617,12329.8,SOL,45814,SJP/25-26/22
PJ133,Deducted Exchange,11-06-2025,1,DSJ-GRN-GRN-0625-659,17C1I90,SAHELI JEWELLERS (RAIPUR),SOL-RND-0.10-0.13-IJ-VS,RND,IJ,VS,0.11,137000,15070,11302.9,0,0,0,0,3,452.1,0,0,0,11302.9,14617.9,3315,11302.9,SOL,45814,SJP/25-26/22
PJ002,Deducted Exchange,23-04-2025,1,DSJ-GRN-GRN-0425-561,S1E65659,RANKA JEWELLERS PC PRIVATE LIMITED,SOL-RND-0.30-0.38-F-VVS1,RND,F,VVS1,0.34,266000,90440,66851.8,500,5000,0,0,3,2713.2,0,0,0,66851.8,82226.8,15375,66851.8,SOL,45770,MHORSB-29
PJ002,Deducted Exchange,23-04-2025,1,DSJ-GRN-GRN-0425-561,12W0I60,RANKA JEWELLERS PC PRIVATE LIMITED,SOL-RND-0.45-0.49-I-VVS2,RND,I,VVS2,0.45,196000,88200,62722,500,5000,2671,0,3,2646,0,0,0,62722,77383,14661,62722,SOL,45770,MHORSB-29
PJ050,Deducted Exchange,26-05-2025,1,DSJ-GRN-GRN-0525-595,12R4Y29,BANSAL JEWELLERS (RUDRAPUR),SOL-RND-0.10-0.13-IJ-VS,RND,IJ,VS,0.11,137000,15070,11302.9,0,0,0,0,3,452.1,0,0,0,11302.9,14617.9,3315,11302.9,SOL,45798,HOSL/20
PJ133,Deducted Exchange,11-06-2025,1,DSJ-GRN-GRN-0625-659,12D1I65,SAHELI JEWELLERS (RAIPUR),SOL-RND-0.10-0.13-IJ-VS,RND,IJ,VS,0.12,137000,16440,12329.8,0,0,0,0,3,493.2,0,0,0,12329.8,15946.8,3617,12329.8,SOL,45814,SJP/25-26/22
PJ133,Deducted Exchange,11-06-2025,1,DSJ-GRN-GRN-0625-659,13D8Y87,SAHELI JEWELLERS (RAIPUR),SOL-RND-0.10-0.13-IJ-VS,RND,IJ,VS,0.13,137000,17810,13357.7,0,0,0,0,3,534.3,0,0,0,13357.7,17275.7,3918,13357.7,SOL,45814,SJP/25-26/22
PJ002,Deducted Exchange,23-04-2025,1,DSJ-GRN-GRN-0425-561,0C370-04140,RANKA JEWELLERS PC PRIVATE LIMITED,SOL-RND-0.60-0.69-H-VVS1,RND,H,VVS1,0.63,267000,168210,129827.7,500,5000,3005,0,3,5046.3,0,0,0,129827.7,154658.7,24831,129827.7,SOL,45770,MHORSB-29
PJ050,Deducted Exchange,06-05-2025,1,DSJ-GRN-GRN-0525-567,15O4O54,BANSAL JEWELLERS (RUDRAPUR),SOL-RND-0.18-0.22-G-VS1,RND,G,VS1,0.19,196000,37240,28174.8,500,0,0,0,3,1117.2,0,0,0,28174.8,35622.8,7448,28174.8,SOL,45774,HOSL/10
PJ133,Deducted Exchange,11-06-2025,1,DSJ-GRN-GRN-0625-659,11U8Z58,SAHELI JEWELLERS (RAIPUR),SOL-RND-0.10-0.13-IJ-VS,RND,IJ,VS,0.11,137000,15070,11302.9,0,0,0,0,3,452.1,0,0,0,11302.9,14617.9,3315,11302.9,SOL,45814,SJP/25-26/22
PJ002,Deducted Exchange,23-04-2025,1,DSJ-GRN-GRN-0425-561,15F9G16,RANKA JEWELLERS PC PRIVATE LIMITED,SOL-RND-0.45-0.49-I-VVS2,RND,I,VVS2,0.45,196000,88200,62722,500,5000,2671,0,3,2646,0,0,0,62722,77383,14661,62722,SOL,45770,MHORSB-29
PJ050,Deducted Exchange,26-05-2025,1,DSJ-GRN-GRN-0525-595,11R8N77,BANSAL JEWELLERS (RUDRAPUR),SOL-RND-0.10-0.13-IJ-VS,RND,IJ,VS,0.1,137000,13700,10275,0,0,0,0,3,411,0,0,0,10275,13289,3014,10275,SOL,45798,HOSL/20
PJ011,Deducted Exchange,29-05-2025,1,DSJ-GRN-GRN-0525-621,15D7Y53,LALA PURSHOTTAM DAS JEWELLERS PVT LTD,SOL-RND-0.18-0.22-G-VS2,RND,G,VS2,0.21,191000,40110,30384.7,500,0,0,0,3,1203.3,0,0,0,30384.7,38406.7,8022,30384.7,SOL,45805,S/846
PJ011,Deducted Exchange,29-05-2025,1,DSJ-GRN-GRN-0525-621,4D417-14128,LALA PURSHOTTAM DAS JEWELLERS PVT LTD,SOL-RND-0.18-0.22-J-SI1,RND,J,SI1,0.22,159000,34980,26434.6,500,0,0,0,3,1049.4,0,0,0,26434.6,33430.6,6996,26434.6,SOL,45805,S/846
PJ133,Deducted Exchange,11-06-2025,1,DSJ-GRN-GRN-0625-659,15N2A40,SAHELI JEWELLERS (RAIPUR),SOL-RND-0.10-0.13-IJ-VS,RND,IJ,VS,0.11,137000,15070,11302.9,0,0,0,0,3,452.1,0,0,0,11302.9,14617.9,3315,11302.9,SOL,45814,SJP/25-26/22
PJ050,Deducted Exchange,26-05-2025,1,DSJ-GRN-GRN-0525-595,16K1S01,BANSAL JEWELLERS (RUDRAPUR),SOL-RND-0.10-0.13-IJ-VS,RND,IJ,VS,0.11,137000,15070,11302.9,0,0,0,0,3,452.1,0,0,0,11302.9,14617.9,3315,11302.9,SOL,45798,HOSL/20
PJ050,Deducted Exchange,26-05-2025,1,DSJ-GRN-GRN-0525-595,12C3K86,BANSAL JEWELLERS (RUDRAPUR),SOL-RND-0.10-0.13-IJ-VS,RND,IJ,VS,0.1,137000,13700,10275,0,0,0,0,3,411,0,0,0,10275,13289,3014,10275,SOL,45798,HOSL/20
PJ050,Deducted Exchange,26-05-2025,1,DSJ-GRN-GRN-0525-595,17B2B33,BANSAL JEWELLERS (RUDRAPUR),SOL-RND-0.10-0.13-IJ-VS,RND,IJ,VS,0.1,137000,13700,10275,0,0,0,0,3,411,0,0,0,10275,13289,3014,10275,SOL,45798,HOSL/20
PJ011,Deducted Exchange,29-05-2025,1,DSJ-GRN-GRN-0525-621,13Y8Y89,LALA PURSHOTTAM DAS JEWELLERS PVT LTD,SOL-RND-0.18-0.22-G-VS1,RND,G,VS1,0.18,196000,35280,27165.6,0,0,0,0,3,1058.4,0,0,0,27165.6,34221.6,7056,27165.6,SOL,45805,S/846
PJ001,Deducted Exchange,06-06-2025,1,DSJ-GRN-GRN-0625-643,17Y4T76,RANKA JEWELLERS AND BROTHERS PVT LTD (RP),SOL-RND-0.18-0.22-E-IF,RND,E,IF,0.19,247000,46930,38952,0,0,0,0,0,0,0,0,0,38952,46930,7978,38952,SOL,45811,BG-12469
PJ002,Deducted Exchange,09-04-2025,1,DSJ-GRN-GRN-0425-537,14W7V66,RANKA JEWELLERS PC PRIVATE LIMITED,SOL-RND-0.80-0.89-I-VVS2,RND,I,VVS2,0.8,286000,228800,187616,0,0,0,0,3,6864,0,0,0,187616,221936,34320,187616,SOL,45752,MHORSB-5
PJ002,Deducted Exchange,23-04-2025,1,DSJ-GRN-GRN-0425-561,32M3C93,RANKA JEWELLERS PC PRIVATE LIMITED,SOL-RND-0.70-0.79-H-VVS2,RND,H,VVS2,0.79,288000,227520,178394.4,500,5000,3104,0,3,6825.6,0,0,0,178394.4,212090.4,33696,178394.4,SOL,45770,MHORSB-29
PJ050,Deducted Exchange,06-05-2025,1,DSJ-GRN-GRN-0525-567,13T4H81,BANSAL JEWELLERS (RUDRAPUR),SOL-RND-0.45-0.49-G-SI2,RND,G,SI2,0.45,178000,80100,61677,0,0,0,0,3,2403,0,0,0,61677,77697,16020,61677,SOL,45774,HOSL/10
PJ050,Deducted Exchange,26-05-2025,1,DSJ-GRN-GRN-0525-595,12O0C92,BANSAL JEWELLERS (RUDRAPUR),SOL-RND-0.10-0.13-IJ-VS,RND,IJ,VS,0.11,137000,15070,11302.9,0,0,0,0,3,452.1,0,0,0,11302.9,14617.9,3315,11302.9,SOL,45798,HOSL/20
PJ011,Deducted Exchange,29-05-2025,1,DSJ-GRN-GRN-0525-621,11B5C41,LALA PURSHOTTAM DAS JEWELLERS PVT LTD,SOL-PRN-0.30-0.38-H-VS2,PRN,H,VS2,0.31,226000,70060,53946.2,0,0,0,0,3,2101.8,0,0,0,53946.2,67958.2,14012,53946.2,SOL,45805,S/846
PJ133,Deducted Exchange,11-06-2025,1,DSJ-GRN-GRN-0625-659,16E0N70,SAHELI JEWELLERS (RAIPUR),SOL-RND-0.10-0.13-IJ-SI,RND,IJ,SI,0.12,135000,16200,12149,0,0,0,0,3,486,0,0,0,12149,15714,3565,12149,SOL,45814,SJP/25-26/22
PJ133,Deducted Exchange,11-06-2025,1,DSJ-GRN-GRN-0625-659,13R0N50,SAHELI JEWELLERS (RAIPUR),SOL-RND-0.10-0.13-IJ-VS,RND,IJ,VS,0.11,137000,15070,11302.9,0,0,0,0,3,452.1,0,0,0,11302.9,14617.9,3315,11302.9,SOL,45814,SJP/25-26/22
PJ002,Deducted Exchange,16-06-2025,1,DSJ-GRN-GRN-0625-665,17X4H75,RANKA JEWELLERS PC PRIVATE LIMITED,SOL-RND-0.39-0.44-H-VVS1,RND,H,VVS1,0.41,203000,83230,66584.1,0,0,0,0,3,2496.9,0,0,0,66584.1,80733.1,14149,66584.1,SOL,45820,MHORSB-87
Grand Total,,,154,,,,,,,,56.51,36088000,17683990,14142984,29650,45000,101122,0,1028,665130,0,0,0,14142984,16843088,2700104,14142984,,,
