Party Code,Outlet Code,Trans Type,Transaction Type,Trans Category,Trans Date,Doc No,Pcs,Stock Code,Customer Name,Outlet Nickname,Design No,Product Category,Dsd Size,Solitaire Shape,Solitaire Color,Solitaire Quality,Sol Wt,Rate,Premium Per,Prem Amt,Solitaire Mrp,Solitaire Net Amount,Pj Customer Scheme Disc Amt,Customer Sch Disc Amt,Pj Disc,Policy Disc Amt,Extra Pj Disc,Extra Pj Disc Amt,Taxable Amount,Tax Amount,Total Cust Disc Amt,Total Amount,Rco,Sco,Trans Remark,Memo Type,Order No,Order Party Name,Salesperson,City,Zone
PJ046,PJ046,INV,SALES INVOICE,SOR,45749,AA11,1,16A0L15 ,A. GEERI PAI GOLD & DIAMONDS,A. GEERI PAI GOLD & DIAMONDS,SOL-RND-0.10-0.13-GH-VVS,SOLITAIRE,0.10-0.13,RND,GH,VVS,0.12,181000,0,0,21720,21720,0,0,4778.4,0,0,0,16941.6,0,0,16941.6,0,0,,,-,,RAKESH RAJA,Kochi,
PJ010,PJ010,INV,MEMO INVOICE,PYDS DSD,45808,DS0370/25-26,1,73YK9G9,MADANLAL CHHAGANLAL JEWELLERS,MADANLAL CHHAGANLAL JEWELLERS,SOL-RND-0.14-0.17-EF-SI,SOLITAIRE,0.14-0.17,RND,EF,SI,0.16,153000,0,0,24480,24480,0,0,4316.8,1760,0,0,18403.2,276.048,1760,18679.248,0,0,,Other,-,,Tanmay Mehta,Indore,Central
PJ010,PJ010,INV,MEMO INVOICE,PYDS DSD,45808,DS0370/25-26,1,22DJ3A9,MADANLAL CHHAGANLAL JEWELLERS,MADANLAL CHHAGANLAL JEWELLERS,SOL-RND-0.14-0.17-EF-SI,SOLITAIRE,0.14-0.17,RND,EF,SI,0.16,153000,0,0,24480,24480,0,0,4347.2,1600,0,0,18532.8,277.992,1600,18810.792,0,0,,Other,-,,Tanmay Mehta,Indore,Central
PJ010,PJ010,INV,MEMO INVOICE,PYDS DSD,45808,DS0370/25-26,1,15Z9G25,MADANLAL CHHAGANLAL JEWELLERS,MADANLAL CHHAGANLAL JEWELLERS,SOL-RND-0.14-0.17-EF-SI,SOLITAIRE,0.14-0.17,RND,EF,SI,0.16,153000,0,0,24480,24480,0,0,4347.2,1600,0,0,18532.8,277.992,1600,18810.792,0,0,,Other,-,,Tanmay Mehta,Indore,Central
PJ061,PJ061,INV,MEMO INVOICE,PYDS DSD,45761,DS0048/25-26,1,74TD4H7,S S JEWELLERS,S S JEWELLERS,SOL-RND-0.60-0.69-H-VVS2,SOLITAIRE,0.60-0.69,RND,H,VVS2,0.62,246000,0,0,152520,152520,0,0,27453.6,0,0,0,125066.4,1875.996,0,126942.396,0,0,,Other,-,,NILESH JAIN,Gurgaon,North
PJ061,PJ061,INV,MEMO INVOICE,PYDS DSD,45761,DS0048/25-26,1,34YR4C9,S S JEWELLERS,S S JEWELLERS,SOL-RND-0.60-0.69-H-VVS2,SOLITAIRE,0.60-0.69,RND,H,VVS2,0.61,246000,0,0,150060,150060,0,0,27010.8,0,0,0,123049.2,1845.738,0,124894.938,0,0,,Other,-,,NILESH JAIN,Gurgaon,North
PJ050,PJ050,INV,MEMO INVOICE,PYDS DSD,45783,DS0173/25-26,1,16O7T38,BANSAL JEWELLERS (RUDRAPUR),BANSAL JEWELLERS (RUDRAPUR),SOL-RND-0.14-0.17-IJ-VS,SOLITAIRE,0.14-0.17,RND,IJ,VS,0.14,150000,0,0,21000,21000,0,0,4250.4,1680,0,0,15069.6,226.044,1680,15295.644,0,0,,Other,-,,NILESH JAIN,Rudrapur,North-East
PJ050,PJ050,INV,MEMO INVOICE,PYDS DSD,45826,DS0472/25-26,1,18D1G98,BANSAL JEWELLERS (RUDRAPUR),BANSAL JEWELLERS (RUDRAPUR),SOL-RND-0.18-0.22-E-SI1,SOLITAIRE,0.18-0.22,RND,E,SI1,0.21,179000,0,0,37590,37590,0,0,7182,1680,0,0,28728,430.92,1680,29158.92,0,0,,Other,-,,RONAK SHAH,Rudrapur,North-East
PJ094,PJ094,INV,MEMO INVOICE,PYDS DSD,45772,DS0096/25-26,1,17I8Q98,GOVIND NARAYAN JOG AND SONS-KOLHAPUR,GOVIND NARAYAN JOG AND SONS-KOLHAPUR,SOL-RND-0.10-0.13-EF-VVS,SOLITAIRE,0.10-0.13,RND,EF,VVS,0.12,198000,0,0,23760,23760,0,0,3024,2160,0,0,18576,278.64,2160,18854.64,0,0,,Other,-,,DIBYAJYOTI HAJRA,Kolhapur,WEST
OT031,PJ001,INV,MEMO INVOICE,PYDS DSD,45800,DS0289/25-26,1,17L9M52,RANKA JEWELLERS AND BROTHERS PVT LTD (BUND GARDEN),RANKA JEWELLERS AND BROTHERS PVT LTD (RP),SOL-RND-0.90-0.99-G-VVS2,SOLITAIRE,0.90-0.99,RND,G,VVS2,0.93,545000,0,0,506850,506850,0,0,76027.5,0,0,0,430822.5,6462.3375,0,437284.8375,0,0,,Other,-,,DIBYAJYOTI HAJRA,PUNE,WEST
PJ005,PJ005,INV,MEMO INVOICE,PYDS DSD,45804,DS0299/25-26,1,13H2C35,SHREE BALKRISHNA JEWELLERS,SHREE BALKRISHNA JEWELLERS,SOL-RND-0.18-0.22-G-VVS1,SOLITAIRE,0.18-0.22,RND,G,VVS1,0.18,208000,0,0,37440,37440,0,0,7488,0,0,0,29952,449.28,0,30401.28,0,0,,Other,-,,VIPESH SHAH,Jamnagar,WEST
PJ005,PJ005,INV,MEMO INVOICE,PYDS DSD,45811,DS0391/25-26,1,14T2U34,SHREE BALKRISHNA JEWELLERS,SHREE BALKRISHNA JEWELLERS,SOL-RND-0.10-0.13-EF-VVS,SOLITAIRE,0.10-0.13,RND,EF,VVS,0.1,198000,0,0,19800,19800,0,0,4048,1400,0,0,14352,215.28,1400,14567.28,0,0,,Consignment Stock Approved,-,,NIPUN SHAH,Jamnagar,WEST
PJ005,PJ005,INV,MEMO INVOICE,PYDS DSD,45811,DS0391/25-26,1,16K1N69,SHREE BALKRISHNA JEWELLERS,SHREE BALKRISHNA JEWELLERS,SOL-RND-0.10-0.13-EF-VVS,SOLITAIRE,0.10-0.13,RND,EF,VVS,0.1,198000,0,0,19800,19800,0,0,4048,1400,0,0,14352,215.28,1400,14567.28,0,0,,Consignment Stock Approved,-,,NIPUN SHAH,Jamnagar,WEST
PJ122,PJ122,INV,MEMO INVOICE,PYDS DSD,45772,DS0097/25-26,1,14R7Z00,KULDIP SONS JEWELLERS (P) LTD.(TN),KULDIP SONS JEWELLERS (P) LTD.(TN),SOL-RND-0.23-0.29-E-VVS2,SOLITAIRE,0.23-0.29,RND,E,VVS2,0.25,221000,0,0,55250,55250,0,0,11050,0,0,0,44200,663,0,44863,0,0,,Other,-,,VISHAL JAIN,Jamshedpur,EAST
PJ054,PJ054,INV,MEMO INVOICE,EXHIBITION DSD,45807,DS0327/25-26,1,11J0X40,PANDIT JEWELLERS PVT LTD,PANDIT JEWELLERS PVT LTD,SOL-RND-0.60-0.69-H-VVS2,SOLITAIRE,0.60-0.69,RND,H,VVS2,0.61,248000,0,0,151280,151280,0,0,27230.4,0,0,0,124049.6,1860.744,0,125910.344,0,0,,Consignment Stock Approved,-,,NILESH JAIN,Bulandshahr,EAST
PJ002,PJ002,INV,MEMO INVOICE,OUTRIGHT DSD,45764,DS0065/25-26,1,2B122-09983,RANKA JEWELLERS PC PRIVATE LIMITED,RANKA JEWELLERS PC PRIVATE LIMITED,SOL-RND-0.39-0.44-J-VS2,SOLITAIRE,0.39-0.44,RND,J,VS2,0.4,151000,0,0,60400,60400,0,0,10268,0,0,0,49630.68,744.4602,0,50375.1402,501.32,0,,Customer Order,-,,DIBYAJYOTI HAJRA,PUNE,WEST
PJ016,PJ016,INV,MEMO INVOICE,OUTRIGHT DSD,45806,DS0308/25-26,1,12F2J01,D P ABHUSHAN LTD,D P ABHUSHAN LTD,SOL-RND-0.70-0.79-I-SI2,SOLITAIRE,0.70-0.79,RND,I,SI2,0.73,189000,0,0,137970,137970,0,0,24834.6,0,0,0,113135.4,1697.031,0,114832.431,0,0,,Consignment Stock Approved,-,,NIPUN SHAH,Ratlam,Central
PJ018,PJ018,INV,MEMO INVOICE,OUTRIGHT DSD,45772,DS0094/25-26,1,11Q2N01,MAHABIR DANWAR JEWELLERS PVT LTD,MAHABIR DANWAR JEWELLERS PVT LTD,SOL-RND-1.00-1.23-I-IF,SOLITAIRE,1.00-1.23,RND,I,IF,1.04,480000,0,0,499200,499200,0,0,74880,0,0,0,420076.8,6301.152,0,426377.952,4243.2,0,,Other,-,,BIJOY KUNDER,Balichak,EAST
PJ071,PJ071,INV,MEMO INVOICE,OUTRIGHT DSD,45755,DS0010/25-26,1,99DD9N3,SONA CHANDIS,SONA CHANDIS,SOL-RND-0.39-0.44-J-VS1,SOLITAIRE,0.39-0.44,RND,J,VS1,0.43,153000,0,0,65790,65790,0,0,13072,430,0,0,51765.12,776.4768,430,52541.5968,522.88,0,,Customer Order,-,,VISHAL JAIN,Kanpur,EAST
PJ071,PJ071,INV,MEMO INVOICE,OUTRIGHT DSD,45827,DS0478/25-26,1,13L1R55,SONA CHANDIS,SONA CHANDIS,SOL-RND-0.18-0.22-H-IF,SOLITAIRE,0.18-0.22,RND,H,IF,0.18,215000,0,0,38700,38700,0,0,7740,0,0,0,30650.4,459.756,0,31110.156,309.6,0,,Other,-,,NILESH JAIN,Kanpur,EAST
OT014,PJ016,INV,MEMO INVOICE,OUTRIGHT DSD,45777,DS0120/25-26,1,44DK6V9,D P ABHUSHAN LTD,D P ABHUSHAN LTD,SOL-RND-0.50-0.59-J-VS2,SOLITAIRE,0.50-0.59,RND,J,VS2,0.51,164000,0,0,83640,83640,0,0,15055.2,0,0,0,67898.952,1018.48428,0,68917.43628,685.848,0,,Customer Order,-,,NIPUN SHAH,Indore,Central
PJ012,PJ012,INV,MEMO INVOICE,OUTRIGHT DSD,45771,DS0093/25-26,1,93EJ6A9,LALCHAND HASTIMAL JEWELLERS,LALCHAND HASTIMAL JEWELLERS,SOL-RND-0.50-0.59-F-VVS1,SOLITAIRE,0.50-0.59,RND,F,VVS1,0.54,363000,0,0,196020,196020,0,0,35283.6,0,0,0,160736.4,2411.046,0,163147.446,0,0,,Other,-,,SUNIL JOSEPH,Secunderabad,South
PJ012,PJ012,INV,MEMO INVOICE,OUTRIGHT DSD,45771,DS0093/25-26,1,99RT4W3,LALCHAND HASTIMAL JEWELLERS,LALCHAND HASTIMAL JEWELLERS,SOL-RND-0.50-0.59-F-VVS1,SOLITAIRE,0.50-0.59,RND,F,VVS1,0.54,363000,0,0,196020,196020,0,0,35283.6,0,0,0,160736.4,2411.046,0,163147.446,0,0,,Other,-,,SUNIL JOSEPH,Secunderabad,South
PJ012,PJ012,INV,MEMO INVOICE,OUTRIGHT DSD,45772,DS0095/25-26,1,49RK9C9,LALCHAND HASTIMAL JEWELLERS,LALCHAND HASTIMAL JEWELLERS,SOL-RND-0.50-0.59-F-VVS1,SOLITAIRE,0.50-0.59,RND,F,VVS1,0.53,363000,0,0,192390,192390,0,0,34630.2,0,0,0,157759.8,2366.397,0,160126.197,0,0,,Other,-,,SUNIL JOSEPH,Secunderabad,South
PJ012,PJ012,INV,MEMO INVOICE,OUTRIGHT DSD,45772,DS0095/25-26,1,74YJ6G9,LALCHAND HASTIMAL JEWELLERS,LALCHAND HASTIMAL JEWELLERS,SOL-RND-0.50-0.59-F-VVS1,SOLITAIRE,0.50-0.59,RND,F,VVS1,0.53,363000,0,0,192390,192390,0,0,34630.2,0,0,0,157759.8,2366.397,0,160126.197,0,0,,Other,-,,SUNIL JOSEPH,Secunderabad,South
PJ012,PJ012,INV,MEMO INVOICE,OUTRIGHT DSD,45784,DS0189/25-26,1,99YX9N9,LALCHAND HASTIMAL JEWELLERS,LALCHAND HASTIMAL JEWELLERS,SOL-RND-0.50-0.59-F-VVS1,SOLITAIRE,0.50-0.59,RND,F,VVS1,0.52,370000,0,0,192400,192400,0,3640,33976.8,0,0,0,154783.2,2321.748,3640,157104.948,0,0,,Consignment Stock Approved,-,,SUNIL JOSEPH,Secunderabad,South
PJ012,PJ012,INV,MEMO INVOICE,OUTRIGHT DSD,45784,DS0189/25-26,1,39RF3U9,LALCHAND HASTIMAL JEWELLERS,LALCHAND HASTIMAL JEWELLERS,SOL-RND-0.50-0.59-F-VVS1,SOLITAIRE,0.50-0.59,RND,F,VVS1,0.52,370000,0,0,192400,192400,0,3640,33976.8,0,0,0,154783.2,2321.748,3640,157104.948,0,0,,Consignment Stock Approved,-,,SUNIL JOSEPH,Secunderabad,South
PJ019,PJ019,INV,MEMO INVOICE,OUTRIGHT DSD,45766,DS0070/25-26,1,49JE7P4,KULDIP SONS JEWELLERS PVT LTD,KULDIP SONS JEWELLERS PVT LTD,SOL-RND-0.60-0.69-I-VS2,SOLITAIRE,0.60-0.69,RND,I,VS2,0.62,207000,0,0,128340,128340,0,0,23101.2,0,0,0,104186.412,1562.79618,0,105749.2082,1052.388,0,,Customer Order,-,,VISHAL JAIN,Ranchi,EAST
PJ019,PJ019,INV,MEMO INVOICE,OUTRIGHT DSD,45766,DS0071/25-26,1,42TX6N9,KULDIP SONS JEWELLERS PVT LTD,KULDIP SONS JEWELLERS PVT LTD,SOL-RND-0.60-0.69-I-VS1,SOLITAIRE,0.60-0.69,RND,I,VS1,0.62,210000,0,0,130200,130200,0,0,23436,0,0,0,105696.36,1585.4454,0,107281.8054,1067.64,0,,Customer Order,-,,VISHAL JAIN,Ranchi,EAST
PJ019,PJ019,INV,MEMO INVOICE,OUTRIGHT DSD,45792,DS0243/25-26,1,99YF7P4,KULDIP SONS JEWELLERS PVT LTD,KULDIP SONS JEWELLERS PVT LTD,SOL-RND-0.90-0.99-H-VS1,SOLITAIRE,0.90-0.99,RND,H,VS1,0.9,408000,0,0,367200,367200,0,0,66096,0,0,0,298092.96,4471.3944,0,302564.3544,3011.04,0,,Customer Order,-,,VISHAL JAIN,Ranchi,EAST
PJ019,PJ019,INV,MEMO INVOICE,OUTRIGHT DSD,45800,DS0291/25-26,1,12W3R90,KULDIP SONS JEWELLERS PVT LTD,KULDIP SONS JEWELLERS PVT LTD,SOL-RND-1.50-1.69-J-VS1,SOLITAIRE,1.50-1.69,RND,J,VS1,1.5,471000,0,0,706500,706500,0,0,84780,0,0,0,615502.8,9232.542,0,624735.342,6217.2,0,,Customer Order,-,,VISHAL JAIN,Ranchi,EAST
PJ011,PJ011,INV,MEMO INVOICE,OUTRIGHT DSD,45775,DS0103/25-26,1,15T5I25,LALA PURSHOTTAM DAS JEWELLERS PVT LTD,LALA PURSHOTTAM DAS JEWELLERS PVT LTD,SOL-RND-1.00-1.23-H-VS1,SOLITAIRE,1.00-1.23,RND,H,VS1,1.01,460000,0,0,464600,464600,0,0,69690,0,0,0,394910,5923.65,0,400833.65,0,0,,Consignment Stock Approved,-,,VISHAL JAIN,Kanpur,EAST
PJ011,PJ011,INV,MEMO INVOICE,OUTRIGHT DSD,45810,DS0388/25-26,1,15D7Y53,LALA PURSHOTTAM DAS JEWELLERS PVT LTD,LALA PURSHOTTAM DAS JEWELLERS PVT LTD,SOL-RND-0.18-0.22-G-VS2,SOLITAIRE,0.18-0.22,RND,G,VS2,0.21,191000,0,0,40110,40110,0,0,8022,0,0,0,32088,481.32,0,32569.32,0,0,,Other,-,,NILESH JAIN,Kanpur,EAST
PJ011,PJ011,INV,MEMO INVOICE,OUTRIGHT DSD,45810,DS0388/25-26,1,4D417-14128,LALA PURSHOTTAM DAS JEWELLERS PVT LTD,LALA PURSHOTTAM DAS JEWELLERS PVT LTD,SOL-RND-0.18-0.22-J-VS2,SOLITAIRE,0.18-0.22,RND,J,VS2,0.22,169000,0,0,37180,37180,0,0,7436,0,0,0,29744,446.16,0,30190.16,0,0,,Other,-,,NILESH JAIN,Kanpur,EAST
PJ011,PJ011,INV,MEMO INVOICE,OUTRIGHT DSD,45810,DS0388/25-26,1,11B5C41,LALA PURSHOTTAM DAS JEWELLERS PVT LTD,LALA PURSHOTTAM DAS JEWELLERS PVT LTD,SOL-PRN-0.30-0.38-H-VS2,SOLITAIRE,0.30-0.38,PRN,H,VS2,0.31,226000,0,0,70060,70060,0,0,16113.8,0,0,0,53946.2,809.193,0,54755.393,0,0,,Other,-,,NILESH JAIN,Kanpur,EAST
PJ011,PJ011,INV,MEMO INVOICE,OUTRIGHT DSD,45810,DS0388/25-26,1,38L3Q64,LALA PURSHOTTAM DAS JEWELLERS PVT LTD,LALA PURSHOTTAM DAS JEWELLERS PVT LTD,SOL-RND-1.00-1.23-H-VS1,SOLITAIRE,1.00-1.23,RND,H,VS1,1.2,460000,0,0,552000,552000,0,0,82800,0,0,0,469200,7038,0,476238,0,0,,Other,-,,NILESH JAIN,Kanpur,EAST
PJ011,PJ011,INV,MEMO INVOICE,OUTRIGHT DSD,45810,DS0388/25-26,1,13Y8Y89,LALA PURSHOTTAM DAS JEWELLERS PVT LTD,LALA PURSHOTTAM DAS JEWELLERS PVT LTD,SOL-RND-0.18-0.22-G-VS1,SOLITAIRE,0.18-0.22,RND,G,VS1,0.18,196000,0,0,35280,35280,0,0,7056,0,0,0,28224,423.36,0,28647.36,0,0,,Other,-,,NILESH JAIN,Kanpur,EAST
PJ011,PJ011,INV,MEMO INVOICE,OUTRIGHT DSD,45810,DS0388/25-26,1,4E555-14261,LALA PURSHOTTAM DAS JEWELLERS PVT LTD,LALA PURSHOTTAM DAS JEWELLERS PVT LTD,SOL-RND-0.23-0.29-H-SI1,SOLITAIRE,0.23-0.29,RND,H,SI1,0.23,179000,0,0,41170,41170,0,0,8234,0,0,0,32936,494.04,0,33430.04,0,0,,Other,-,,NILESH JAIN,Kanpur,EAST
OT031,PJ001,INV,MEMO INVOICE,OUTRIGHT DSD,45808,DS0349/25-26,1,37DJ9P2,RANKA JEWELLERS AND BROTHERS PVT LTD (BUND GARDEN),RANKA JEWELLERS AND BROTHERS PVT LTD (RP),SOL-RND-0.30-0.38-H-VS2,SOLITAIRE,0.30-0.38,RND,H,VS2,0.35,176000,0,0,61600,61600,0,0,10472,0,0,0,51128,766.92,0,51894.92,0,0,,Other,-,,DIBYAJYOTI HAJRA,PUNE,WEST
OT031,PJ001,INV,MEMO INVOICE,OUTRIGHT DSD,45808,DS0349/25-26,1,67XD9G4,RANKA JEWELLERS AND BROTHERS PVT LTD (BUND GARDEN),RANKA JEWELLERS AND BROTHERS PVT LTD (RP),SOL-RND-0.30-0.38-G-VVS2,SOLITAIRE,0.30-0.38,RND,G,VVS2,0.31,221000,0,0,68510,68510,0,0,11646.7,0,0,0,56863.3,852.9495,0,57716.2495,0,0,,Other,-,,DIBYAJYOTI HAJRA,PUNE,WEST
OT031,PJ001,INV,MEMO INVOICE,OUTRIGHT DSD,45808,DS0349/25-26,1,96EJ4A9,RANKA JEWELLERS AND BROTHERS PVT LTD (BUND GARDEN),RANKA JEWELLERS AND BROTHERS PVT LTD (RP),SOL-RND-0.30-0.38-G-VVS2,SOLITAIRE,0.30-0.38,RND,G,VVS2,0.33,221000,0,0,72930,72930,0,0,12398.1,0,0,0,60531.9,907.9785,0,61439.8785,0,0,,Other,-,,DIBYAJYOTI HAJRA,PUNE,WEST
OT031,PJ001,INV,MEMO INVOICE,OUTRIGHT DSD,45808,DS0349/25-26,1,39XR6P9,RANKA JEWELLERS AND BROTHERS PVT LTD (BUND GARDEN),RANKA JEWELLERS AND BROTHERS PVT LTD (RP),SOL-RND-0.30-0.38-G-VVS1,SOLITAIRE,0.30-0.38,RND,G,VVS1,0.34,225000,0,0,76500,76500,0,0,13005,0,0,0,63495,952.425,0,64447.425,0,0,,Other,-,,DIBYAJYOTI HAJRA,PUNE,WEST
OT031,PJ001,INV,MEMO INVOICE,OUTRIGHT DSD,45808,DS0349/25-26,1,93FE7V2,RANKA JEWELLERS AND BROTHERS PVT LTD (BUND GARDEN),RANKA JEWELLERS AND BROTHERS PVT LTD (RP),SOL-RND-0.30-0.38-G-VVS1,SOLITAIRE,0.30-0.38,RND,G,VVS1,0.34,225000,0,0,76500,76500,0,0,13005,0,0,0,63495,952.425,0,64447.425,0,0,,Other,-,,DIBYAJYOTI HAJRA,PUNE,WEST
OT031,PJ001,INV,MEMO INVOICE,OUTRIGHT DSD,45808,DS0349/25-26,1,92DX2A9,RANKA JEWELLERS AND BROTHERS PVT LTD (BUND GARDEN),RANKA JEWELLERS AND BROTHERS PVT LTD (RP),SOL-RND-0.30-0.38-G-VS1,SOLITAIRE,0.30-0.38,RND,G,VS1,0.37,218000,0,0,80660,80660,0,0,13712.2,0,0,0,66947.8,1004.217,0,67952.017,0,0,,Other,-,,DIBYAJYOTI HAJRA,PUNE,WEST
OT031,PJ001,INV,MEMO INVOICE,OUTRIGHT DSD,45808,DS0349/25-26,1,97YK9A9,RANKA JEWELLERS AND BROTHERS PVT LTD (BUND GARDEN),RANKA JEWELLERS AND BROTHERS PVT LTD (RP),SOL-RND-0.30-0.38-E-VS1,SOLITAIRE,0.30-0.38,RND,E,VS1,0.37,226000,0,0,83620,83620,0,0,14215.4,0,0,0,69404.6,1041.069,0,70445.669,0,0,,Other,-,,DIBYAJYOTI HAJRA,PUNE,WEST
OT031,PJ001,INV,MEMO INVOICE,OUTRIGHT DSD,45808,DS0349/25-26,1,14W1I91,RANKA JEWELLERS AND BROTHERS PVT LTD (BUND GARDEN),RANKA JEWELLERS AND BROTHERS PVT LTD (RP),SOL-RND-0.30-0.38-G-VVS1,SOLITAIRE,0.30-0.38,RND,G,VVS1,0.32,225000,0,0,72000,72000,0,0,12240,0,0,0,59760,896.4,0,60656.4,0,0,,Other,-,,DIBYAJYOTI HAJRA,PUNE,WEST
OT031,PJ001,INV,MEMO INVOICE,OUTRIGHT DSD,45808,DS0349/25-26,1,99KD2C6,RANKA JEWELLERS AND BROTHERS PVT LTD (BUND GARDEN),RANKA JEWELLERS AND BROTHERS PVT LTD (RP),SOL-RND-0.30-0.38-G-VVS2,SOLITAIRE,0.30-0.38,RND,G,VVS2,0.38,221000,0,0,83980,83980,0,0,14276.6,0,0,0,69703.4,1045.551,0,70748.951,0,0,,Other,-,,DIBYAJYOTI HAJRA,PUNE,WEST
OT031,PJ001,INV,MEMO INVOICE,OUTRIGHT DSD,45808,DS0349/25-26,1,37XY9A9,RANKA JEWELLERS AND BROTHERS PVT LTD (BUND GARDEN),RANKA JEWELLERS AND BROTHERS PVT LTD (RP),SOL-RND-0.30-0.38-F-VS1,SOLITAIRE,0.30-0.38,RND,F,VS1,0.38,222000,0,0,84360,84360,0,0,14341.2,0,0,0,70018.8,1050.282,0,71069.082,0,0,,Other,-,,DIBYAJYOTI HAJRA,PUNE,WEST
OT031,PJ001,INV,MEMO INVOICE,OUTRIGHT DSD,45808,DS0349/25-26,1,92N9C40,RANKA JEWELLERS AND BROTHERS PVT LTD (BUND GARDEN),RANKA JEWELLERS AND BROTHERS PVT LTD (RP),SOL-RND-0.39-0.44-F-VVS2,SOLITAIRE,0.39-0.44,RND,F,VVS2,0.44,245000,0,0,107800,107800,0,0,18326,0,0,0,89474,1342.11,0,90816.11,0,0,,Other,-,,DIBYAJYOTI HAJRA,PUNE,WEST
OT031,PJ001,INV,MEMO INVOICE,OUTRIGHT DSD,45808,DS0349/25-26,1,97DR9V7,RANKA JEWELLERS AND BROTHERS PVT LTD (BUND GARDEN),RANKA JEWELLERS AND BROTHERS PVT LTD (RP),SOL-RND-0.45-0.49-G-VVS2,SOLITAIRE,0.45-0.49,RND,G,VVS2,0.46,235000,0,0,108100,108100,0,0,18377,0,0,0,89723,1345.845,0,91068.845,0,0,,Other,-,,DIBYAJYOTI HAJRA,PUNE,WEST
OT031,PJ001,INV,MEMO INVOICE,OUTRIGHT DSD,45808,DS0349/25-26,1,92EE7H9,RANKA JEWELLERS AND BROTHERS PVT LTD (BUND GARDEN),RANKA JEWELLERS AND BROTHERS PVT LTD (RP),SOL-RND-0.45-0.49-D-VS1,SOLITAIRE,0.45-0.49,RND,D,VS1,0.46,250000,0,0,115000,115000,0,0,19550,0,0,0,95450,1431.75,0,96881.75,0,0,,Other,-,,DIBYAJYOTI HAJRA,PUNE,WEST
OT031,PJ001,INV,MEMO INVOICE,OUTRIGHT DSD,45808,DS0349/25-26,1,96JR6U9,RANKA JEWELLERS AND BROTHERS PVT LTD (BUND GARDEN),RANKA JEWELLERS AND BROTHERS PVT LTD (RP),SOL-RND-0.60-0.69-D-IF,SOLITAIRE,0.60-0.69,RND,D,IF,0.63,629000,0,0,396270,396270,0,0,59440.5,0,0,0,336829.5,5052.4425,0,341881.9425,0,0,,Other,-,,DIBYAJYOTI HAJRA,PUNE,WEST
OT031,PJ001,INV,MEMO INVOICE,OUTRIGHT DSD,45808,DS0349/25-26,1,42JD9G6,RANKA JEWELLERS AND BROTHERS PVT LTD (BUND GARDEN),RANKA JEWELLERS AND BROTHERS PVT LTD (RP),SOL-RND-0.70-0.79-H-VVS1,SOLITAIRE,0.70-0.79,RND,H,VVS1,0.78,306000,0,0,238680,238680,0,0,35802,0,0,0,202878,3043.17,0,205921.17,0,0,,Other,-,,DIBYAJYOTI HAJRA,PUNE,WEST
OT031,PJ001,INV,MEMO INVOICE,OUTRIGHT DSD,45808,DS0349/25-26,1,97RD3P9,RANKA JEWELLERS AND BROTHERS PVT LTD (BUND GARDEN),RANKA JEWELLERS AND BROTHERS PVT LTD (RP),SOL-RND-0.39-0.44-G-VVS2,SOLITAIRE,0.39-0.44,RND,G,VVS2,0.43,232000,0,0,99760,99760,0,0,16959.2,0,0,0,82800.8,1242.012,0,84042.812,0,0,,Other,-,,DIBYAJYOTI HAJRA,PUNE,WEST
OT031,PJ001,INV,MEMO INVOICE,OUTRIGHT DSD,45808,DS0349/25-26,1,52N4B64,RANKA JEWELLERS AND BROTHERS PVT LTD (BUND GARDEN),RANKA JEWELLERS AND BROTHERS PVT LTD (RP),SOL-RND-0.50-0.59-F-VS2,SOLITAIRE,0.50-0.59,RND,F,VS2,0.52,238000,0,0,123760,123760,0,0,18564,0,0,0,105196,1577.94,0,106773.94,0,0,,Other,-,,DIBYAJYOTI HAJRA,PUNE,WEST
OT031,PJ001,INV,MEMO INVOICE,OUTRIGHT DSD,45808,DS0349/25-26,1,11F7C68,RANKA JEWELLERS AND BROTHERS PVT LTD (BUND GARDEN),RANKA JEWELLERS AND BROTHERS PVT LTD (RP),SOL-RND-0.60-0.69-G-SI2,SOLITAIRE,0.60-0.69,RND,G,SI2,0.63,193000,0,0,121590,121590,0,0,18238.5,0,0,0,103351.5,1550.2725,0,104901.7725,0,0,,Other,-,,DIBYAJYOTI HAJRA,PUNE,WEST
OT031,PJ001,INV,MEMO INVOICE,OUTRIGHT DSD,45808,DS0349/25-26,1,14W7V66,RANKA JEWELLERS AND BROTHERS PVT LTD (BUND GARDEN),RANKA JEWELLERS AND BROTHERS PVT LTD (RP),SOL-RND-0.80-0.89-I-VVS2,SOLITAIRE,0.80-0.89,RND,I,VVS2,0.8,277000,0,0,221600,221600,0,0,33240,0,0,0,188360,2825.4,0,191185.4,0,0,,Other,-,,DIBYAJYOTI HAJRA,PUNE,WEST
OT031,PJ001,INV,MEMO INVOICE,OUTRIGHT DSD,45808,DS0349/25-26,1,12G0B33,RANKA JEWELLERS AND BROTHERS PVT LTD (BUND GARDEN),RANKA JEWELLERS AND BROTHERS PVT LTD (RP),SOL-RND-0.60-0.69-G-VS2,SOLITAIRE,0.60-0.69,RND,G,VS2,0.61,251000,0,0,153110,153110,0,0,22966.5,0,0,0,130143.5,1952.1525,0,132095.6525,0,0,,Other,-,,DIBYAJYOTI HAJRA,PUNE,WEST
OT031,PJ001,INV,MEMO INVOICE,OUTRIGHT DSD,45808,DS0349/25-26,1,67DK3C9,RANKA JEWELLERS AND BROTHERS PVT LTD (BUND GARDEN),RANKA JEWELLERS AND BROTHERS PVT LTD (RP),SOL-RND-0.90-0.99-H-VS1,SOLITAIRE,0.90-0.99,RND,H,VS1,0.92,408000,0,0,375360,375360,0,0,56304,0,0,0,319056,4785.84,0,323841.84,0,0,,Other,-,,DIBYAJYOTI HAJRA,PUNE,WEST
OT031,PJ001,INV,MEMO INVOICE,OUTRIGHT DSD,45808,DS0349/25-26,1,63TX4H7,RANKA JEWELLERS AND BROTHERS PVT LTD (BUND GARDEN),RANKA JEWELLERS AND BROTHERS PVT LTD (RP),SOL-RND-0.70-0.79-I-VS2,SOLITAIRE,0.70-0.79,RND,I,VS2,0.72,227000,0,0,163440,163440,0,0,24516,0,0,0,138924,2083.86,0,141007.86,0,0,,Other,-,,DIBYAJYOTI HAJRA,PUNE,WEST
OT031,PJ001,INV,MEMO INVOICE,OUTRIGHT DSD,45808,DS0349/25-26,1,36FR9W6,RANKA JEWELLERS AND BROTHERS PVT LTD (BUND GARDEN),RANKA JEWELLERS AND BROTHERS PVT LTD (RP),SOL-RND-0.70-0.79-H-IF,SOLITAIRE,0.70-0.79,RND,H,IF,0.71,311000,0,0,220810,220810,0,0,33121.5,0,0,0,187688.5,2815.3275,0,190503.8275,0,0,,Other,-,,DIBYAJYOTI HAJRA,PUNE,WEST
OT031,PJ001,INV,MEMO INVOICE,OUTRIGHT DSD,45808,DS0349/25-26,1,94EK9C2,RANKA JEWELLERS AND BROTHERS PVT LTD (BUND GARDEN),RANKA JEWELLERS AND BROTHERS PVT LTD (RP),SOL-RND-0.39-0.44-D-VVS1,SOLITAIRE,0.39-0.44,RND,D,VVS1,0.42,369000,0,0,154980,154980,0,0,26346.6,0,0,0,128633.4,1929.501,0,130562.901,0,0,,Other,-,,DIBYAJYOTI HAJRA,PUNE,WEST
OT031,PJ001,INV,MEMO INVOICE,OUTRIGHT DSD,45808,DS0349/25-26,1,16R8O14,RANKA JEWELLERS AND BROTHERS PVT LTD (BUND GARDEN),RANKA JEWELLERS AND BROTHERS PVT LTD (RP),SOL-RND-0.39-0.44-F-VS2,SOLITAIRE,0.39-0.44,RND,F,VS2,0.4,195000,0,0,78000,78000,0,0,13260,0,0,0,64740,971.1,0,65711.1,0,0,,Other,-,,DIBYAJYOTI HAJRA,PUNE,WEST
OT031,PJ001,INV,MEMO INVOICE,OUTRIGHT DSD,45808,DS0349/25-26,1,17Q3J22,RANKA JEWELLERS AND BROTHERS PVT LTD (BUND GARDEN),RANKA JEWELLERS AND BROTHERS PVT LTD (RP),SOL-RND-0.39-0.44-F-VS2,SOLITAIRE,0.39-0.44,RND,F,VS2,0.4,195000,0,0,78000,78000,0,0,13260,0,0,0,64740,971.1,0,65711.1,0,0,,Other,-,,DIBYAJYOTI HAJRA,PUNE,WEST
OT031,PJ001,INV,MEMO INVOICE,OUTRIGHT DSD,45808,DS0349/25-26,1,99DX7A3,RANKA JEWELLERS AND BROTHERS PVT LTD (BUND GARDEN),RANKA JEWELLERS AND BROTHERS PVT LTD (RP),SOL-RND-0.39-0.44-H-VVS2,SOLITAIRE,0.39-0.44,RND,H,VVS2,0.4,200000,0,0,80000,80000,0,0,13600,0,0,0,66400,996,0,67396,0,0,,Other,-,,DIBYAJYOTI HAJRA,PUNE,WEST
OT031,PJ001,INV,MEMO INVOICE,OUTRIGHT DSD,45808,DS0349/25-26,1,WTTT6AH,RANKA JEWELLERS AND BROTHERS PVT LTD (BUND GARDEN),RANKA JEWELLERS AND BROTHERS PVT LTD (RP),SOL-RND-0.39-0.44-G-SI1,SOLITAIRE,0.39-0.44,RND,G,SI1,0.44,184000,0,0,80960,80960,0,0,13763.2,0,0,0,67196.8,1007.952,0,68204.752,0,0,,Other,-,,DIBYAJYOTI HAJRA,PUNE,WEST
OT031,PJ001,INV,MEMO INVOICE,OUTRIGHT DSD,45808,DS0349/25-26,1,99YD9P4,RANKA JEWELLERS AND BROTHERS PVT LTD (BUND GARDEN),RANKA JEWELLERS AND BROTHERS PVT LTD (RP),SOL-RND-0.39-0.44-E-VS2,SOLITAIRE,0.39-0.44,RND,E,VS2,0.41,198000,0,0,81180,81180,0,0,13800.6,0,0,0,67379.4,1010.691,0,68390.091,0,0,,Other,-,,DIBYAJYOTI HAJRA,PUNE,WEST
OT031,PJ001,INV,MEMO INVOICE,OUTRIGHT DSD,45808,DS0349/25-26,1,94DJ9W9,RANKA JEWELLERS AND BROTHERS PVT LTD (BUND GARDEN),RANKA JEWELLERS AND BROTHERS PVT LTD (RP),SOL-RND-0.39-0.44-G-VVS2,SOLITAIRE,0.39-0.44,RND,G,VVS2,0.42,232000,0,0,97440,97440,0,0,16564.8,0,0,0,80875.2,1213.128,0,82088.328,0,0,,Other,-,,DIBYAJYOTI HAJRA,PUNE,WEST
OT013,PJ016,INV,MEMO INVOICE,OUTRIGHT DSD,45777,DS0111/25-26,1,24DX6C7,D P ABHUSHAN LTD,D P ABHUSHAN LTD,SOL-RND-1.00-1.23-G-VS1,SOLITAIRE,1.00-1.23,RND,G,VS1,1.05,525000,0,0,551250,551250,0,0,82687.5,0,0,0,468562.5,7028.4375,0,475590.9375,0,0,,Other,-,,NIPUN SHAH,Udaipur,WEST
OT013,PJ016,INV,MEMO INVOICE,OUTRIGHT DSD,45777,DS0111/25-26,1,18I8J22,D P ABHUSHAN LTD,D P ABHUSHAN LTD,SOL-RND-0.18-0.22-E-VS1,SOLITAIRE,0.18-0.22,RND,E,VS1,0.19,196000,0,0,37240,37240,0,0,7448,0,0,0,29792,446.88,0,30238.88,0,0,,Other,-,,NIPUN SHAH,Udaipur,WEST
OT013,PJ016,INV,MEMO INVOICE,OUTRIGHT DSD,45779,DS0142/25-26,1,PATT3TL,D P ABHUSHAN LTD,D P ABHUSHAN LTD,SOL-RND-0.39-0.44-D-VS1,SOLITAIRE,0.39-0.44,RND,D,VS1,0.42,240000,0,0,100800,100800,0,0,20160,0,0,0,79833.6,1197.504,0,81031.104,806.4,0,,Customer Order,-,,NIPUN SHAH,Udaipur,WEST
OT013,PJ016,INV,MEMO INVOICE,OUTRIGHT DSD,45806,DS0306/25-26,1,12T2Q84,D P ABHUSHAN LTD,D P ABHUSHAN LTD,SOL-RND-0.70-0.79-H-SI1,SOLITAIRE,0.70-0.79,RND,H,SI1,0.7,232000,0,0,162400,162400,0,0,29232,0,0,0,131836.32,1977.5448,0,133813.8648,1331.68,0,,Customer Order,-,,NIPUN SHAH,Udaipur,WEST
OT013,PJ016,INV,MEMO INVOICE,OUTRIGHT DSD,45826,DS0470/25-26,1,12V6L28,D P ABHUSHAN LTD,D P ABHUSHAN LTD,SOL-RND-1.00-1.23-G-VVS2,SOLITAIRE,1.00-1.23,RND,G,VVS2,1.04,578000,0,0,601120,601120,0,0,90168,0,0,0,505842.48,7587.6372,0,513430.1172,5109.52,0,,Customer Order,-,,NIPUN SHAH,Udaipur,WEST
PJ005,PJ005,INV,MEMO INVOICE,OUTRIGHT DSD,45819,DS0442/25-26,1,11O9M60,SHREE BALKRISHNA JEWELLERS,SHREE BALKRISHNA JEWELLERS,SOL-RND-0.70-0.79-F-VVS1,SOLITAIRE,0.70-0.79,RND,F,VVS1,0.71,451000,0,0,320210,320210,0,0,57637.8,0,0,0,262572.2,3938.583,0,266510.783,0,0,,Other,-,,NIPUN SHAH,Jamnagar,WEST
PJ005,PJ005,INV,MEMO INVOICE,OUTRIGHT DSD,45819,DS0442/25-26,1,75R5R77,SHREE BALKRISHNA JEWELLERS,SHREE BALKRISHNA JEWELLERS,SOL-RND-0.70-0.79-G-VVS1,SOLITAIRE,0.70-0.79,RND,G,VVS1,0.72,371000,0,0,267120,267120,0,0,48081.6,0,0,0,219038.4,3285.576,0,222323.976,0,0,,Other,-,,NIPUN SHAH,Jamnagar,WEST
PJ005,PJ005,INV,MEMO INVOICE,OUTRIGHT DSD,45819,DS0442/25-26,1,65H1V30,SHREE BALKRISHNA JEWELLERS,SHREE BALKRISHNA JEWELLERS,SOL-RND-0.70-0.79-F-IF,SOLITAIRE,0.70-0.79,RND,F,IF,0.73,457000,0,0,333610,333610,0,0,60049.8,0,0,0,273560.2,4103.403,0,277663.603,0,0,,Other,-,,NIPUN SHAH,Jamnagar,WEST
PJ122,PJ122,INV,MEMO INVOICE,OUTRIGHT DSD,45765,DS0068/25-26,1,7E2H6T6,KULDIP SONS JEWELLERS (P) LTD.(TN),KULDIP SONS JEWELLERS (P) LTD.(TN),SOL-RND-0.50-0.59-G-VVS1,SOLITAIRE,0.50-0.59,RND,G,VVS1,0.52,286000,0,0,148720,148720,0,0,26769.6,0,0,0,120730.896,1810.96344,0,122541.8594,1219.504,0,,Customer Order,-,,VISHAL JAIN,Jamshedpur,EAST
PJ122,PJ122,INV,MEMO INVOICE,OUTRIGHT DSD,45770,DS0089/25-26,1,5H786-03180,KULDIP SONS JEWELLERS (P) LTD.(TN),KULDIP SONS JEWELLERS (P) LTD.(TN),SOL-RND-1.50-1.69-H-VS2,SOLITAIRE,1.50-1.69,RND,H,VS2,1.5,602000,0,0,903000,903000,0,0,108360,0,0,0,786693.6,11800.404,0,798494.004,7946.4,0,,Customer Order,-,,VISHAL JAIN,Jamshedpur,EAST
PJ122,PJ122,INV,MEMO INVOICE,OUTRIGHT DSD,45821,DS0455/25-26,1,94DJ9P4,KULDIP SONS JEWELLERS (P) LTD.(TN),KULDIP SONS JEWELLERS (P) LTD.(TN),SOL-RND-0.50-0.59-I-VVS2,SOLITAIRE,0.50-0.59,RND,I,VVS2,0.54,208000,0,0,112320,112320,0,0,20023.2,1080,0,0,90304.632,1354.56948,1080,91659.20148,912.168,0,,Customer Order,-,,VISHAL JAIN,Jamshedpur,EAST
OT078,PJ014,INV,MEMO INVOICE,OUTRIGHT DSD,45758,DS0042/25-26,1,33EF9N9,ABHARAN JEWELLERS PVT LTD,ABHARAN JEWELLERS PVT LTD.(UDUPI),SOL-RND-0.50-0.59-H-VVS1,SOLITAIRE,0.50-0.59,RND,H,VVS1,0.52,235000,0,0,122200,122200,0,0,21996,0,0,0,99201.96,1488.0294,0,100689.9894,1002.04,0,,Customer Order,-,,SUNIL JOSEPH,Mangalore,South
OT078,PJ014,INV,MEMO INVOICE,OUTRIGHT DSD,45758,DS0042/25-26,1,99RJ9W6,ABHARAN JEWELLERS PVT LTD,ABHARAN JEWELLERS PVT LTD.(UDUPI),SOL-RND-0.50-0.59-H-VVS1,SOLITAIRE,0.50-0.59,RND,H,VVS1,0.52,235000,0,0,122200,122200,0,0,21996,0,0,0,99201.96,1488.0294,0,100689.9894,1002.04,0,,Customer Order,-,,SUNIL JOSEPH,Mangalore,South
OT107,PJ163,INV,MEMO INVOICE,OUTRIGHT DSD,45785,DS0200/25-26,1,93G8H95,RANKA JEWELLERS & SONS PVT LTD (BANER),RANKA JEWELLERS & SONS PVT LTD,SOL-RND-0.30-0.38-F-VVS2,SOLITAIRE,0.30-0.38,RND,F,VVS2,0.31,225000,0,0,69750,69750,0,0,11857.5,0,0,0,57313.575,859.703625,0,58173.27863,578.925,0,,Customer Order,-,,DIBYAJYOTI HAJRA,PUNE,WEST
OT076,PJ014,INV,MEMO INVOICE,OUTRIGHT DSD,45783,DS0174/25-26,1,12X8A43,ABHARAN JEWELLERS PVT LTD.(KARKALA),ABHARAN JEWELLERS PVT LTD.(UDUPI),SOL-RND-0.10-0.13-EF-VVS,SOLITAIRE,0.10-0.13,RND,EF,VVS,0.11,198000,0,0,21780,21780,0,0,4791.6,0,0,0,16988.4,254.826,0,17243.226,0,0,,Consignment Stock Approved,-,,SUNIL JOSEPH,Karkala,South
PJ002,PJ002,INV,MEMO INVOICE,TCS SALES DSD,45785,DS0192/25-26,1,15V2A95,RANKA JEWELLERS PC PRIVATE LIMITED,RANKA JEWELLERS PC PRIVATE LIMITED,SOL-RND-0.10-0.13-EF-VVS,SOLITAIRE,0.10-0.13,RND,EF,VVS,0.1,198000,0,0,19800,19800,0,0,3762,0,0,0,16038,240.57,0,16278.57,0,0,,Consignment Stock Approved,-,,DIBYAJYOTI HAJRA,PUNE,WEST
PJ007,PJ007,INV,MEMO INVOICE,TCS SALES DSD,45808,DS0364/25-26,1,36P6R71,BATUKBHAI SONS JEWELLERS PVT. LTD.,BATUKBHAI SONS JEWELLERS PVT. LTD.,SOL-RND-0.70-0.79-F-VS2,SOLITAIRE,0.70-0.79,RND,F,VS2,0.7,312000,0,0,218400,218400,0,0,39312,0,0,0,179088,2686.32,0,181774.32,0,0,,Consignment Stock Approved,-,,DIBYAJYOTI HAJRA,Nagpur,WEST
PJ007,PJ007,INV,MEMO INVOICE,TCS SALES DSD,45808,DS0364/25-26,1,GTLRW6T,BATUKBHAI SONS JEWELLERS PVT. LTD.,BATUKBHAI SONS JEWELLERS PVT. LTD.,SOL-RND-0.39-0.44-G-VVS1,SOLITAIRE,0.39-0.44,RND,G,VVS1,0.4,257000,0,0,102800,102800,0,0,20560,0,0,0,82240,1233.6,0,83473.6,0,0,,Consignment Stock Approved,-,,DIBYAJYOTI HAJRA,Nagpur,WEST
PJ082,PJ082,INV,MEMO INVOICE,TCS SALES DSD,45756,DS0018/25-26,1,11O7R51,R.RING PALACE,R.RING PALACE,SOL-RND-0.39-0.44-I-VS2,SOLITAIRE,0.39-0.44,RND,I,VS2,0.4,171000,0,0,68400,68400,0,0,11628,0,0,0,56772,851.58,0,57623.58,0,0,,Consignment Stock Approved,-,,Tanmay Mehta,Khandwa,Central
PJ092,PJ092,INV,MEMO INVOICE,TCS SALES DSD,45794,DS0257/25-26,1,13I3W80,SUDHAKAR GOPINATH TAK AND SONS,SUDHAKAR GOPINATH TAK AND SONS,SOL-RND-0.30-0.38-I-VVS2,SOLITAIRE,0.30-0.38,RND,I,VVS2,0.31,180000,0,0,55800,55800,0,0,11160,0,0,0,44640,669.6,0,45309.6,0,0,,Consignment Stock Approved,-,,DIBYAJYOTI HAJRA,Nanded,WEST
PJ010,PJ010,INV,MEMO INVOICE,TCS SALES DSD,45780,DS0150/25-26,1,14Q7E35,MADANLAL CHHAGANLAL JEWELLERS,MADANLAL CHHAGANLAL JEWELLERS,SOL-RND-0.30-0.38-J-VS2,SOLITAIRE,0.30-0.38,RND,J,VS2,0.3,147000,0,0,44100,44100,0,0,7497,0,0,0,36603,549.045,0,37152.045,0,0,,Consignment Stock Approved,-,,Tanmay Mehta,Indore,Central
PJ010,PJ010,INV,MEMO INVOICE,TCS SALES DSD,45807,DS0328/25-26,1,38N2M70,MADANLAL CHHAGANLAL JEWELLERS,MADANLAL CHHAGANLAL JEWELLERS,SOL-RND-0.10-0.13-IJ-SI,SOLITAIRE,0.10-0.13,RND,IJ,SI,0.12,135000,0,0,16200,16200,0,0,3078,0,0,0,13122,196.83,0,13318.83,0,0,,Other,-,,Tanmay Mehta,Indore,Central
PJ014,PJ014,INV,MEMO INVOICE,TCS SALES DSD,45784,DS0180/25-26,1,KQ6WNTR,ABHARAN JEWELLERS PVT LTD.(UDUPI),ABHARAN JEWELLERS PVT LTD.(UDUPI),SOL-RND-0.50-0.59-D-IF,SOLITAIRE,0.50-0.59,RND,D,IF,0.51,613000,0,0,312630,312630,0,0,56273.4,0,0,0,256356.6,3845.349,0,260201.949,0,0,,Consignment Stock Approved,-,,SUNIL JOSEPH,UDUPI,South
PJ014,PJ014,INV,MEMO INVOICE,TCS SALES DSD,45821,DS0446/25-26,1,15S7J70,ABHARAN JEWELLERS PVT LTD.(UDUPI),ABHARAN JEWELLERS PVT LTD.(UDUPI),SOL-RND-0.80-0.89-F-VVS1,SOLITAIRE,0.80-0.89,RND,F,VVS1,0.81,535000,0,0,433350,433350,0,0,78003,0,0,0,355347,5330.205,0,360677.205,0,0,,Consignment Stock Approved,-,,RAKESH RAJA,UDUPI,South
PJ016,PJ016,INV,MEMO INVOICE,TCS SALES DSD,45780,DS0154/25-26,1,77R8X64,D P ABHUSHAN LTD,D P ABHUSHAN LTD,SOL-RND-0.30-0.38-H-VS1,SOLITAIRE,0.30-0.38,RND,H,VS1,0.37,197000,0,0,72890,72890,0,0,14578,0,0,0,58312,874.68,0,59186.68,0,0,,Consignment Stock Approved,-,,NIPUN SHAH,Ratlam,Central
PJ016,PJ016,INV,MEMO INVOICE,TCS SALES DSD,45780,DS0154/25-26,1,13L3M52,D P ABHUSHAN LTD,D P ABHUSHAN LTD,SOL-RND-0.60-0.69-I-SI1,SOLITAIRE,0.60-0.69,RND,I,SI1,0.6,193000,0,0,115800,115800,0,0,20844,0,0,0,94956,1424.34,0,96380.34,0,0,,Consignment Stock Approved,-,,NIPUN SHAH,Ratlam,Central
PJ016,PJ016,INV,MEMO INVOICE,TCS SALES DSD,45806,DS0305/25-26,1,74Y5C47,D P ABHUSHAN LTD,D P ABHUSHAN LTD,SOL-RND-0.30-0.38-I-SI1,SOLITAIRE,0.30-0.38,RND,I,SI1,0.3,154000,0,0,46200,46200,0,0,9240,0,0,0,36960,554.4,0,37514.4,0,0,,Consignment Stock Approved,-,,NIPUN SHAH,Ratlam,Central
PJ016,PJ016,INV,MEMO INVOICE,TCS SALES DSD,45806,DS0305/25-26,1,11S9U05,D P ABHUSHAN LTD,D P ABHUSHAN LTD,SOL-RND-0.30-0.38-J-VVS1,SOLITAIRE,0.30-0.38,RND,J,VVS1,0.33,150000,0,0,49500,49500,0,0,9900,0,0,0,39600,594,0,40194,0,0,,Consignment Stock Approved,-,,NIPUN SHAH,Ratlam,Central
PJ024,PJ024,INV,MEMO INVOICE,TCS SALES DSD,45782,DS0161/25-26,1,VDTTXHF,DAVANAM JEWELLERS PVT. LTD.,DAVANAM JEWELLERS PVT. LTD.,SOL-RND-0.30-0.38-E-IF,SOLITAIRE,0.30-0.38,RND,E,IF,0.34,310000,0,0,105400,105400,0,0,21080,0,0,0,84320,1264.8,0,85584.8,0,0,,Consignment Stock Approved,-,,SUNIL JOSEPH,BENGALURU,South
PJ024,PJ024,INV,MEMO INVOICE,TCS SALES DSD,45797,DS0264/25-26,1,5B122-16703,DAVANAM JEWELLERS PVT. LTD.,DAVANAM JEWELLERS PVT. LTD.,SOL-RND-0.45-0.49-D-VVS1,SOLITAIRE,0.45-0.49,RND,D,VVS1,0.47,374000,0,0,175780,175780,0,0,35156,0,0,0,140624,2109.36,0,142733.36,0,0,,Consignment Stock Approved,-,,SUNIL JOSEPH,BENGALURU,South
PJ024,PJ024,INV,MEMO INVOICE,TCS SALES DSD,45811,DS0390/25-26,1,12G7I34,DAVANAM JEWELLERS PVT. LTD.,DAVANAM JEWELLERS PVT. LTD.,SOL-RND-0.30-0.38-D-IF,SOLITAIRE,0.30-0.38,RND,D,IF,0.38,399000,0,0,151620,151620,0,0,30324,0,0,0,121296,1819.44,0,123115.44,0,0,,Consignment Stock Approved,-,,RAKESH RAJA,BENGALURU,South
PJ056,PJ056,INV,MEMO INVOICE,TCS SALES DSD,45808,DS0358/25-26,1,18Z0D17,ALANKAR GEMS AND JEWELLERY PVT LTD,ALANKAR GEMS AND JEWELLERY PVT LTD,SOL-RND-1.00-1.23-D-IF,SOLITAIRE,1.00-1.23,RND,D,IF,1.11,1400000,0,0,1554000,1554000,0,0,233100,0,0,0,1320900,19813.5,0,1340713.5,0,0,,Consignment Stock Approved,-,,BIJOY KUNDER,Patna,EAST
PJ071,PJ071,INV,MEMO INVOICE,TCS SALES DSD,45777,DS0126/25-26,1,14U7A36,SONA CHANDIS,SONA CHANDIS,SOL-RND-1.24-1.49-J-VS1,SOLITAIRE,1.24-1.49,RND,J,VS1,1.33,371000,0,0,493430,493430,0,0,74014.5,0,0,0,419415.5,6291.2325,0,425706.7325,0,0,,Consignment Stock Approved,-,,VISHAL JAIN,Kanpur,EAST
PJ071,PJ071,INV,MEMO INVOICE,TCS SALES DSD,45777,DS0126/25-26,1,15D4Y50,SONA CHANDIS,SONA CHANDIS,SOL-RND-0.18-0.22-D-VVS2,SOLITAIRE,0.18-0.22,RND,D,VVS2,0.18,215000,0,0,38700,38700,0,0,7740,0,0,0,30960,464.4,0,31424.4,0,0,,Consignment Stock Approved,-,,VISHAL JAIN,Kanpur,EAST
PJ071,PJ071,INV,MEMO INVOICE,TCS SALES DSD,45782,DS0172/25-26,1,11C6R72,SONA CHANDIS,SONA CHANDIS,SOL-RND-0.18-0.22-H-IF,SOLITAIRE,0.18-0.22,RND,H,IF,0.2,217000,0,0,43400,43400,0,0,8680,0,0,0,34720,520.8,0,35240.8,0,0,,Consignment Stock Approved,-,,VISHAL JAIN,Kanpur,EAST
PJ071,PJ071,INV,MEMO INVOICE,TCS SALES DSD,45782,DS0172/25-26,1,16X9W80,SONA CHANDIS,SONA CHANDIS,SOL-RND-0.60-0.69-I-VS2,SOLITAIRE,0.60-0.69,RND,I,VS2,0.6,207000,0,0,124200,124200,0,0,22356,0,0,0,101844,1527.66,0,103371.66,0,0,,Consignment Stock Approved,-,,VISHAL JAIN,Kanpur,EAST
PJ015,PJ015,INV,MEMO INVOICE,TCS SALES DSD,45811,DS0389/25-26,1,14T3F65,ALANKAR JEWELLERS,ALANKAR JEWELLERS,SOL-RND-0.45-0.49-H-VVS2,SOLITAIRE,0.45-0.49,RND,H,VVS2,0.45,202000,0,0,90900,90900,0,0,18180,0,0,0,72720,1090.8,0,73810.8,0,0,,Consignment Stock Approved,-,,BIJOY KUNDER,Patna,EAST
PJ019,PJ019,INV,MEMO INVOICE,TCS SALES DSD,45780,DS0146/25-26,1,10W3A09,KULDIP SONS JEWELLERS PVT LTD,KULDIP SONS JEWELLERS PVT LTD,SOL-RND-1.50-1.69-I-VS2,SOLITAIRE,1.50-1.69,RND,I,VS2,1.6,535000,0,0,856000,856000,0,0,102720,0,0,0,753280,11299.2,0,764579.2,0,0,,Consignment Stock Approved,-,,VISHAL JAIN,Ranchi,EAST
PJ019,PJ019,INV,MEMO INVOICE,TCS SALES DSD,45780,DS0146/25-26,1,10W6T69,KULDIP SONS JEWELLERS PVT LTD,KULDIP SONS JEWELLERS PVT LTD,SOL-RND-1.50-1.69-I-VS1,SOLITAIRE,1.50-1.69,RND,I,VS1,1.6,569000,0,0,910400,910400,0,0,109248,0,0,0,801152,12017.28,0,813169.28,0,0,,Consignment Stock Approved,-,,VISHAL JAIN,Ranchi,EAST
PJ019,PJ019,INV,MEMO INVOICE,TCS SALES DSD,45808,DS0357/25-26,1,18X1V67,KULDIP SONS JEWELLERS PVT LTD,KULDIP SONS JEWELLERS PVT LTD,SOL-RND-0.70-0.79-I-VS2,SOLITAIRE,0.70-0.79,RND,I,VS2,0.7,227000,0,0,158900,158900,0,0,28602,0,0,0,130298,1954.47,0,132252.47,0,0,,Consignment Stock Approved,-,,VISHAL JAIN,Ranchi,EAST
PJ019,PJ019,INV,MEMO INVOICE,TCS SALES DSD,45808,DS0357/25-26,1,17J1K63,KULDIP SONS JEWELLERS PVT LTD,KULDIP SONS JEWELLERS PVT LTD,SOL-RND-0.70-0.79-J-SI1,SOLITAIRE,0.70-0.79,RND,J,SI1,0.71,188000,0,0,133480,133480,0,0,24026.4,0,0,0,109453.6,1641.804,0,111095.404,0,0,,Consignment Stock Approved,-,,VISHAL JAIN,Ranchi,EAST
PJ025,PJ025,INV,MEMO INVOICE,TCS SALES DSD,45789,DS0208/25-26,1,10K3M61,ANJANEYA JEWELLERS,ANJANEYA JEWELLERS,SOL-RND-0.39-0.44-E-VVS1,SOLITAIRE,0.39-0.44,RND,E,VVS1,0.42,341000,0,0,143220,143220,0,0,28644,0,0,0,114576,1718.64,0,116294.64,0,0,,Consignment Stock Approved,-,,SUNIL JOSEPH,Vijaywada,South
PJ028,PJ028,INV,MEMO INVOICE,TCS SALES DSD,45782,DS0168/25-26,1,ATTP4TT,MLJ SAHELI JEWELLERS LLP (CIVIC CENTRE),MLJ SAHELI JEWELLERS LLP (CIVIC CENTRE),SOL-RND-0.39-0.44-F-VS2,SOLITAIRE,0.39-0.44,RND,F,VS2,0.4,195000,0,0,78000,78000,0,0,15600,0,0,0,62400,936,0,63336,0,0,,Consignment Stock Approved,-,,Tanmay Mehta,Bhilai,Central
PJ028,PJ028,INV,MEMO INVOICE,TCS SALES DSD,45782,DS0168/25-26,1,51B5E69,MLJ SAHELI JEWELLERS LLP (CIVIC CENTRE),MLJ SAHELI JEWELLERS LLP (CIVIC CENTRE),SOL-RND-0.60-0.69-K-SI1,SOLITAIRE,0.60-0.69,RND,K,SI1,0.6,174000,0,0,104400,104400,0,0,18792,0,0,0,85608,1284.12,0,86892.12,0,0,,Consignment Stock Approved,-,,Tanmay Mehta,Bhilai,Central
PJ011,PJ011,INV,MEMO INVOICE,TCS SALES DSD,45813,DS0405/25-26,1,10Y5Q91,LALA PURSHOTTAM DAS JEWELLERS PVT LTD,LALA PURSHOTTAM DAS JEWELLERS PVT LTD,SOL-RND-0.50-0.59-G-SI1,SOLITAIRE,0.50-0.59,RND,G,SI1,0.52,204000,0,0,106080,106080,0,0,19094.4,0,0,0,86985.6,1304.784,0,88290.384,0,0,,Consignment Stock Approved,-,,NILESH JAIN,Kanpur,EAST
PJ053,PJ053,INV,MEMO INVOICE,TCS SALES DSD,45786,DS0206/25-26,1,17O5X85,SRI VASAVI THANGA MAALIGAI,SRI VASAVI THANGA MAALIGAI,SOL-RND-0.18-0.22-F-VVS1,SOLITAIRE,0.18-0.22,RND,F,VVS1,0.18,212000,0,0,38160,38160,0,0,7632,0,0,0,30528,457.92,0,30985.92,0,0,,Consignment Stock Approved,-,,RAKESH RAJA,Dindigul,South
PJ005,PJ005,INV,MEMO INVOICE,TCS SALES DSD,45780,DS0156/25-26,1,12H7Y38,SHREE BALKRISHNA JEWELLERS,SHREE BALKRISHNA JEWELLERS,SOL-RND-0.10-0.13-EF-VVS,SOLITAIRE,0.10-0.13,RND,EF,VVS,0.12,198000,0,0,23760,23760,0,0,5227.2,0,0,0,18532.8,277.992,0,18810.792,0,0,,Customer Order,-,,VIPESH SHAH,Jamnagar,WEST
PJ005,PJ005,INV,MEMO INVOICE,TCS SALES DSD,45799,DS0272/25-26,1,11S7K52,SHREE BALKRISHNA JEWELLERS,SHREE BALKRISHNA JEWELLERS,SOL-RND-0.18-0.22-D-IF,SOLITAIRE,0.18-0.22,RND,D,IF,0.22,298000,0,0,65560,65560,0,0,13112,0,0,0,52448,786.72,0,53234.72,0,0,,Consignment Stock Approved,-,,VIPESH SHAH,Jamnagar,WEST
PJ005,PJ005,INV,MEMO INVOICE,TCS SALES DSD,45799,DS0272/25-26,1,18A8M03,SHREE BALKRISHNA JEWELLERS,SHREE BALKRISHNA JEWELLERS,SOL-RND-0.10-0.13-EF-VVS,SOLITAIRE,0.10-0.13,RND,EF,VVS,0.13,198000,0,0,25740,25740,0,0,5662.8,0,0,0,20077.2,301.158,0,20378.358,0,0,,Consignment Stock Approved,-,,VIPESH SHAH,Jamnagar,WEST
PJ005,PJ005,INV,MEMO INVOICE,TCS SALES DSD,45808,DS0381/25-26,1,16V2M94,SHREE BALKRISHNA JEWELLERS,SHREE BALKRISHNA JEWELLERS,SOL-RND-0.23-0.29-G-VVS1,SOLITAIRE,0.23-0.29,RND,G,VVS1,0.28,221000,0,0,61880,61880,0,0,12376,0,0,0,49504,742.56,0,50246.56,0,0,,Consignment Stock Approved,-,,VIPESH SHAH,Jamnagar,WEST
OT078,PJ014,INV,MEMO INVOICE,TCS SALES DSD,45789,DS0220/25-26,1,39RX2W9,ABHARAN JEWELLERS PVT LTD,ABHARAN JEWELLERS PVT LTD.(UDUPI),SOL-RND-0.50-0.59-H-VVS1,SOLITAIRE,0.50-0.59,RND,H,VVS1,0.55,235000,0,0,129250,129250,0,0,23265,0,0,0,105985,1589.775,0,107574.775,0,0,,Consignment Stock Approved,-,,SUNIL JOSEPH,Mangalore,South
OT078,PJ014,INV,MEMO INVOICE,TCS SALES DSD,45790,DS0222/25-26,1,93DR4V9,ABHARAN JEWELLERS PVT LTD,ABHARAN JEWELLERS PVT LTD.(UDUPI),SOL-RND-0.50-0.59-H-VVS1,SOLITAIRE,0.50-0.59,RND,H,VVS1,0.55,235000,0,0,129250,129250,0,0,23265,0,0,0,105985,1589.775,0,107574.775,0,0,,Consignment Stock Approved,-,,SUNIL JOSEPH,Mangalore,South
OT107,PJ163,INV,MEMO INVOICE,TCS SALES DSD,45808,DS0372/25-26,1,17F5K96,RANKA JEWELLERS & SONS PVT LTD (BANER),RANKA JEWELLERS & SONS PVT LTD,SOL-RND-0.50-0.59-H-VVS1,SOLITAIRE,0.50-0.59,RND,H,VVS1,0.5,235000,0,0,117500,117500,0,0,17625,0,0,0,99875,1498.125,0,101373.125,0,0,,Consignment Stock Approved,-,,DIBYAJYOTI HAJRA,PUNE,WEST
RT10423,RT10423,INV,MEMO INVOICE,TCS SALES DSD,45780,DS0149/25-26,1,16M3A38,RAHEEVA IMPEX,RAHEEVA IMPEX,SOL-RND-2.50-2.99-D-IF,SOLITAIRE,2.50-2.99,RND,D,IF,2.76,2918480,0,0,8055004.8,8055004.8,0,0,0,0,0,0,8055004.8,120825.072,0,8175829.872,0,0,,Other,-,,JIGNESH MEHTA,MUMBAI,EAST
PJ174,PJ174,INV,MEMO INVOICE,TCS SALES DSD,45819,DS0438/25-26,1,51B5E69,MLJ SAHELI JEWELLERS LLP (CIVIC CENTRE),MLJ SAHELI JEWELLERS LLP (CIVIC CENTRE),SOL-RND-0.60-0.69-K-SI1,SOLITAIRE,0.60-0.69,RND,K,SI1,0.6,174000,0,0,104400,104400,0,0,18792,0,0,0,85608,1284.12,0,86892.12,0,0,,Consignment Stock Approved,-,,DIBYAJYOTI HAJRA,Bhilai,Central
PJ174,PJ174,INV,MEMO INVOICE,TCS SALES DSD,45819,DS0438/25-26,1,ATTP4TT,MLJ SAHELI JEWELLERS LLP (CIVIC CENTRE),MLJ SAHELI JEWELLERS LLP (CIVIC CENTRE),SOL-RND-0.39-0.44-F-VS2,SOLITAIRE,0.39-0.44,RND,F,VS2,0.4,195000,0,0,78000,78000,0,0,15600,0,0,0,62400,936,0,63336,0,0,,Consignment Stock Approved,-,,DIBYAJYOTI HAJRA,Bhilai,Central
WH1,WH1,INV,MEMO INVOICE,TCS SALES DSD,45812,DS0402/25-26,1,63DT3H9,SRI LALITA JEWELLERS & CO,SRI LALITA JEWELLERS & CO,SOL-RND-2.50-2.99-D-IF,SOLITAIRE,2.50-2.99,RND,D,IF,2.8,2517857,0,0,7049999.6,7049999.6,0,0,0,0,0,0,7049999.6,105749.994,0,7155749.594,0,0,,Customer Order,-,,JIGNESH MEHTA,MUMBAI,WEST
PJ150,PJ150,INV,MEMO INVOICE,TCS SALES DSD,45818,DS0434/25-26,1,40P7A19,KUSHAL JEWELLERS,KUSHAL JEWELLERS,SOL-RND-1.00-1.23-H-IF,SOLITAIRE,1.00-1.23,RND,H,IF,1.03,549000,0,0,565470,565470,0,0,84820.5,0,0,0,480649.5,7209.7425,0,487859.2425,0,0,,Consignment Stock Approved,-,,NIPUN SHAH,Vadodara,North
PJ163,PJ163,INV,MEMO INVOICE,TCS SALES DSD,45764,DS0064/25-26,1,17C0V43,RANKA JEWELLERS & SONS PVT LTD,RANKA JEWELLERS & SONS PVT LTD,SOL-RND-0.70-0.79-F-VS2,SOLITAIRE,0.70-0.79,RND,F,VS2,0.7,308000,0,0,215600,215600,0,0,32025,2100,0,0,181475,2722.125,2100,184197.125,0,0,,Consignment Stock Approved,-,,DIBYAJYOTI HAJRA,PUNE,WEST
PJ163,PJ163,INV,MEMO INVOICE,TCS SALES DSD,45807,DS0338/25-26,1,10R4J91,RANKA JEWELLERS & SONS PVT LTD,RANKA JEWELLERS & SONS PVT LTD,SOL-RND-0.70-0.79-H-VVS2,SOLITAIRE,0.70-0.79,RND,H,VVS2,0.76,295000,0,0,224200,224200,0,0,33630,0,0,0,190570,2858.55,0,193428.55,0,0,,Consignment Stock Approved,-,,DIBYAJYOTI HAJRA,PUNE,WEST
WHS001,WHS001,INV,MEMO INVOICE,TCS SALES DSD,45789,DS0207/25-26,1,11C5Z58,H.DIPAK & CO,H.DIPAK & CO,SOL-RND-0.30-0.38-H-VS2,SOLITAIRE,0.30-0.38,RND,H,VS2,0.33,64574,0,0,21309.42,21309.42,0,0,0,0,0,0,21309.42,319.6413,0,21629.0613,0,0,,Consignment Stock Approved,-,,JIGNESH MEHTA,MUMBAI,WEST
WHS001,WHS001,INV,MEMO INVOICE,TCS SALES DSD,45804,DS0298/25-26,1,87X5L37,H.DIPAK & CO,H.DIPAK & CO,SOL-RND-0.14-0.17-EF-VVS,SOLITAIRE,0.14-0.17,RND,EF,VVS,0.14,83489,0,0,11688.46,11688.46,0,0,0,0,0,0,11688.46,175.3269,0,11863.7869,0,0,,Other,-,,JIGNESH MEHTA,MUMBAI,WEST
WHS001,WHS001,INV,MEMO INVOICE,TCS SALES DSD,45804,DS0298/25-26,1,5E555-17850,H.DIPAK & CO,H.DIPAK & CO,SOL-RND-0.18-0.22-F-VS1,SOLITAIRE,0.18-0.22,RND,F,VS1,0.18,89912,0,0,16184.16,16184.16,0,0,0,0,0,0,16184.16,242.7624,0,16426.9224,0,0,,Other,-,,JIGNESH MEHTA,MUMBAI,WEST
WHS001,WHS001,INV,MEMO INVOICE,TCS SALES DSD,45804,DS0298/25-26,1,16S0A16,H.DIPAK & CO,H.DIPAK & CO,SOL-RND-0.18-0.22-D-VVS2,SOLITAIRE,0.18-0.22,RND,D,VVS2,0.18,89912,0,0,16184.16,16184.16,0,0,0,0,0,0,16184.16,242.7624,0,16426.9224,0,0,,Other,-,,JIGNESH MEHTA,MUMBAI,WEST
WHS001,WHS001,INV,MEMO INVOICE,TCS SALES DSD,45804,DS0298/25-26,1,17J8Q91,H.DIPAK & CO,H.DIPAK & CO,SOL-PRN-0.10-0.13-EF-VVS,SOLITAIRE,0.10-0.13,PRN,EF,VVS,0.1,34252,0,0,3425.2,3425.2,0,0,0,0,0,0,3425.2,51.378,0,3476.578,0,0,,Other,-,,JIGNESH MEHTA,MUMBAI,WEST
WHS001,WHS001,INV,MEMO INVOICE,TCS SALES DSD,45804,DS0298/25-26,1,16N5L94,H.DIPAK & CO,H.DIPAK & CO,SOL-PRN-0.10-0.13-EF-VVS,SOLITAIRE,0.10-0.13,PRN,EF,VVS,0.1,34252,0,0,3425.2,3425.2,0,0,0,0,0,0,3425.2,51.378,0,3476.578,0,0,,Other,-,,JIGNESH MEHTA,MUMBAI,WEST
WHS001,WHS001,INV,MEMO INVOICE,TCS SALES DSD,45819,DS0437/25-26,1,93XR4N3,H.DIPAK & CO,H.DIPAK & CO,SOL-MAQ-0.10-0.13-GH-VVS,SOLITAIRE,0.10-0.13,MAQ,GH,VVS,0.13,42576,0,0,5534.88,5534.88,0,0,0,0,0,0,5534.88,83.0232,0,5617.9032,0,0,,Other,-,,JIGNESH MEHTA,MUMBAI,WEST
WHS001,WHS001,INV,MEMO INVOICE,TCS SALES DSD,45819,DS0437/25-26,1,69RX7V9,H.DIPAK & CO,H.DIPAK & CO,SOL-MAQ-0.10-0.13-EF-VVS,SOLITAIRE,0.10-0.13,MAQ,EF,VVS,0.13,45681,0,0,5938.53,5938.53,0,0,0,0,0,0,5938.53,89.07795,0,6027.60795,0,0,,Other,-,,JIGNESH MEHTA,MUMBAI,WEST
WHS001,WHS001,INV,MEMO INVOICE,TCS SALES DSD,45819,DS0437/25-26,1,69RD4C7,H.DIPAK & CO,H.DIPAK & CO,SOL-PER-0.39-0.44-D-VS1,SOLITAIRE,0.39-0.44,PER,D,VS1,0.4,63864,0,0,25545.6,25545.6,0,0,0,0,0,0,25545.6,383.184,0,25928.784,0,0,,Other,-,,JIGNESH MEHTA,MUMBAI,WEST
WHS001,WHS001,INV,MEMO INVOICE,TCS SALES DSD,45819,DS0437/25-26,1,99EY6P9,H.DIPAK & CO,H.DIPAK & CO,SOL-PER-0.30-0.38-F-VVS2,SOLITAIRE,0.30-0.38,PER,F,VVS2,0.31,58764,0,0,18216.84,18216.84,0,0,0,0,0,0,18216.84,273.2526,0,18490.0926,0,0,,Other,-,,JIGNESH MEHTA,MUMBAI,WEST
WHS001,WHS001,INV,MEMO INVOICE,TCS SALES DSD,45819,DS0437/25-26,1,99XT9V9,H.DIPAK & CO,H.DIPAK & CO,SOL-PER-0.30-0.38-D-VVS2,SOLITAIRE,0.30-0.38,PER,D,VVS2,0.31,62534,0,0,19385.54,19385.54,0,0,0,0,0,0,19385.54,290.7831,0,19676.3231,0,0,,Other,-,,JIGNESH MEHTA,MUMBAI,WEST
WHS001,WHS001,INV,MEMO INVOICE,TCS SALES DSD,45819,DS0437/25-26,1,64YE9N7,H.DIPAK & CO,H.DIPAK & CO,SOL-PER-0.18-0.22-D-VVS1,SOLITAIRE,0.18-0.22,PER,D,VVS1,0.18,60316,0,0,10856.88,10856.88,0,0,0,0,0,0,10856.88,162.8532,0,11019.7332,0,0,,Other,-,,JIGNESH MEHTA,MUMBAI,WEST
WHS001,WHS001,INV,MEMO INVOICE,TCS SALES DSD,45819,DS0437/25-26,1,79XJ4C9,H.DIPAK & CO,H.DIPAK & CO,SOL-PER-0.14-0.17-EF-VS,SOLITAIRE,0.14-0.17,PER,EF,VS,0.17,47455,0,0,8067.35,8067.35,0,0,0,0,0,0,8067.35,121.01025,0,8188.36025,0,0,,Other,-,,JIGNESH MEHTA,MUMBAI,WEST
WHS001,WHS001,INV,MEMO INVOICE,TCS SALES DSD,45819,DS0437/25-26,1,69FE6P9,H.DIPAK & CO,H.DIPAK & CO,SOL-PER-0.14-0.17-EF-VVS,SOLITAIRE,0.14-0.17,PER,EF,VVS,0.16,48785,0,0,7805.6,7805.6,0,0,0,0,0,0,7805.6,117.084,0,7922.684,0,0,,Other,-,,JIGNESH MEHTA,MUMBAI,WEST
WHS001,WHS001,INV,MEMO INVOICE,TCS SALES DSD,45819,DS0437/25-26,1,43DD4C6,H.DIPAK & CO,H.DIPAK & CO,SOL-PER-0.14-0.17-EF-VVS,SOLITAIRE,0.14-0.17,PER,EF,VVS,0.15,48785,0,0,7317.75,7317.75,0,0,0,0,0,0,7317.75,109.76625,0,7427.51625,0,0,,Other,-,,JIGNESH MEHTA,MUMBAI,WEST
WHS001,WHS001,INV,MEMO INVOICE,TCS SALES DSD,45819,DS0437/25-26,1,93RD6P9,H.DIPAK & CO,H.DIPAK & CO,SOL-MAQ-0.14-0.17-EF-VVS,SOLITAIRE,0.14-0.17,MAQ,EF,VVS,0.17,48785,0,0,8293.45,8293.45,0,0,0,0,0,0,8293.45,124.40175,0,8417.85175,0,0,,Other,-,,JIGNESH MEHTA,MUMBAI,WEST
WHS001,WHS001,INV,MEMO INVOICE,TCS SALES DSD,45819,DS0437/25-26,1,44KE6H3,H.DIPAK & CO,H.DIPAK & CO,SOL-MAQ-0.14-0.17-EF-VS,SOLITAIRE,0.14-0.17,MAQ,EF,VS,0.16,47455,0,0,7592.8,7592.8,0,0,0,0,0,0,7592.8,113.892,0,7706.692,0,0,,Other,-,,JIGNESH MEHTA,MUMBAI,WEST
WHS001,WHS001,INV,MEMO INVOICE,TCS SALES DSD,45819,DS0437/25-26,1,44RD9N9,H.DIPAK & CO,H.DIPAK & CO,SOL-MAQ-0.14-0.17-EF-VS,SOLITAIRE,0.14-0.17,MAQ,EF,VS,0.16,47455,0,0,7592.8,7592.8,0,0,0,0,0,0,7592.8,113.892,0,7706.692,0,0,,Other,-,,JIGNESH MEHTA,MUMBAI,WEST
WHS001,WHS001,INV,MEMO INVOICE,TCS SALES DSD,45819,DS0437/25-26,1,99DT7V4,H.DIPAK & CO,H.DIPAK & CO,SOL-MAQ-0.14-0.17-EF-VVS,SOLITAIRE,0.14-0.17,MAQ,EF,VVS,0.16,48785,0,0,7805.6,7805.6,0,0,0,0,0,0,7805.6,117.084,0,7922.684,0,0,,Other,-,,JIGNESH MEHTA,MUMBAI,WEST
WHS001,WHS001,INV,MEMO INVOICE,TCS SALES DSD,45819,DS0437/25-26,1,36DE4C7,H.DIPAK & CO,H.DIPAK & CO,SOL-MAQ-0.14-0.17-GH-VVS,SOLITAIRE,0.14-0.17,MAQ,GH,VVS,0.16,47898,0,0,7663.68,7663.68,0,0,0,0,0,0,7663.68,114.9552,0,7778.6352,0,0,,Other,-,,JIGNESH MEHTA,MUMBAI,WEST
WHS001,WHS001,INV,MEMO INVOICE,TCS SALES DSD,45819,DS0437/25-26,1,44EX9H6,H.DIPAK & CO,H.DIPAK & CO,SOL-MAQ-0.14-0.17-EF-VVS,SOLITAIRE,0.14-0.17,MAQ,EF,VVS,0.16,48785,0,0,7805.6,7805.6,0,0,0,0,0,0,7805.6,117.084,0,7922.684,0,0,,Other,-,,JIGNESH MEHTA,MUMBAI,WEST
WHS001,WHS001,INV,MEMO INVOICE,TCS SALES DSD,45819,DS0437/25-26,1,49DD4H9,H.DIPAK & CO,H.DIPAK & CO,SOL-MAQ-0.14-0.17-GH-VVS,SOLITAIRE,0.14-0.17,MAQ,GH,VVS,0.16,47898,0,0,7663.68,7663.68,0,0,0,0,0,0,7663.68,114.9552,0,7778.6352,0,0,,Other,-,,JIGNESH MEHTA,MUMBAI,WEST
WHS001,WHS001,INV,MEMO INVOICE,TCS SALES DSD,45819,DS0437/25-26,1,62XR3U9,H.DIPAK & CO,H.DIPAK & CO,SOL-MAQ-0.14-0.17-EF-VS,SOLITAIRE,0.14-0.17,MAQ,EF,VS,0.16,47455,0,0,7592.8,7592.8,0,0,0,0,0,0,7592.8,113.892,0,7706.692,0,0,,Other,-,,JIGNESH MEHTA,MUMBAI,WEST
WHS001,WHS001,INV,MEMO INVOICE,TCS SALES DSD,45819,DS0437/25-26,1,39XT2A6,H.DIPAK & CO,H.DIPAK & CO,SOL-MAQ-0.10-0.13-GH-VVS,SOLITAIRE,0.10-0.13,MAQ,GH,VVS,0.13,42576,0,0,5534.88,5534.88,0,0,0,0,0,0,5534.88,83.0232,0,5617.9032,0,0,,Other,-,,JIGNESH MEHTA,MUMBAI,WEST
WHS001,WHS001,INV,MEMO INVOICE,TCS SALES DSD,45819,DS0437/25-26,1,99DY9N2,H.DIPAK & CO,H.DIPAK & CO,SOL-MAQ-0.30-0.38-H-VS2,SOLITAIRE,0.30-0.38,MAQ,H,VS2,0.32,53664,0,0,17172.48,17172.48,0,0,0,0,0,0,17172.48,257.5872,0,17430.0672,0,0,,Other,-,,JIGNESH MEHTA,MUMBAI,WEST
WHS001,WHS001,INV,MEMO INVOICE,TCS SALES DSD,45819,DS0437/25-26,1,97XE9G9,H.DIPAK & CO,H.DIPAK & CO,SOL-MAQ-0.23-0.29-H-VS2,SOLITAIRE,0.23-0.29,MAQ,H,VS2,0.28,50781,0,0,14218.68,14218.68,0,0,0,0,0,0,14218.68,213.2802,0,14431.9602,0,0,,Other,-,,JIGNESH MEHTA,MUMBAI,WEST
WHS001,WHS001,INV,MEMO INVOICE,TCS SALES DSD,45819,DS0437/25-26,1,49YF4H7,H.DIPAK & CO,H.DIPAK & CO,SOL-MAQ-0.18-0.22-H-VS2,SOLITAIRE,0.18-0.22,MAQ,H,VS2,0.21,49672,0,0,10431.12,10431.12,0,0,0,0,0,0,10431.12,156.4668,0,10587.5868,0,0,,Other,-,,JIGNESH MEHTA,MUMBAI,WEST
WHS001,WHS001,INV,MEMO INVOICE,TCS SALES DSD,45819,DS0437/25-26,1,94DR9P4,H.DIPAK & CO,H.DIPAK & CO,SOL-MAQ-0.39-0.44-F-VVS2,SOLITAIRE,0.39-0.44,MAQ,F,VVS2,0.41,64086,0,0,26275.26,26275.26,0,0,0,0,0,0,26275.26,394.1289,0,26669.3889,0,0,,Other,-,,JIGNESH MEHTA,MUMBAI,WEST
WHS001,WHS001,INV,MEMO INVOICE,TCS SALES DSD,45819,DS0437/25-26,1,99EX9U2,H.DIPAK & CO,H.DIPAK & CO,SOL-MAQ-0.39-0.44-E-VS1,SOLITAIRE,0.39-0.44,MAQ,E,VS1,0.4,58764,0,0,23505.6,23505.6,0,0,0,0,0,0,23505.6,352.584,0,23858.184,0,0,,Other,-,,JIGNESH MEHTA,MUMBAI,WEST
WHS001,WHS001,INV,MEMO INVOICE,TCS SALES DSD,45819,DS0437/25-26,1,94XR3P9,H.DIPAK & CO,H.DIPAK & CO,SOL-MAQ-0.39-0.44-E-VS1,SOLITAIRE,0.39-0.44,MAQ,E,VS1,0.4,58764,0,0,23505.6,23505.6,0,0,0,0,0,0,23505.6,352.584,0,23858.184,0,0,,Other,-,,JIGNESH MEHTA,MUMBAI,WEST
WHS001,WHS001,INV,MEMO INVOICE,TCS SALES DSD,45819,DS0437/25-26,1,77DD2U2,H.DIPAK & CO,H.DIPAK & CO,SOL-MAQ-0.39-0.44-F-VS2,SOLITAIRE,0.39-0.44,MAQ,F,VS2,0.4,55881,0,0,22352.4,22352.4,0,0,0,0,0,0,22352.4,335.286,0,22687.686,0,0,,Other,-,,JIGNESH MEHTA,MUMBAI,WEST
WHS001,WHS001,INV,MEMO INVOICE,TCS SALES DSD,45819,DS0437/25-26,1,44JR9A6,H.DIPAK & CO,H.DIPAK & CO,SOL-MAQ-0.30-0.38-D-VS1,SOLITAIRE,0.30-0.38,MAQ,D,VS1,0.38,63864,0,0,24268.32,24268.32,0,0,0,0,0,0,24268.32,364.0248,0,24632.3448,0,0,,Other,-,,JIGNESH MEHTA,MUMBAI,WEST
WHS001,WHS001,INV,MEMO INVOICE,TCS SALES DSD,45819,DS0437/25-26,1,69KX9W6,H.DIPAK & CO,H.DIPAK & CO,SOL-MAQ-0.30-0.38-D-VVS2,SOLITAIRE,0.30-0.38,MAQ,D,VVS2,0.37,62534,0,0,23137.58,23137.58,0,0,0,0,0,0,23137.58,347.0637,0,23484.6437,0,0,,Other,-,,JIGNESH MEHTA,MUMBAI,WEST
WHS001,WHS001,INV,MEMO INVOICE,TCS SALES DSD,45819,DS0437/25-26,1,99XJ4W7,H.DIPAK & CO,H.DIPAK & CO,SOL-MAQ-0.30-0.38-G-VS1,SOLITAIRE,0.30-0.38,MAQ,G,VS1,0.38,55216,0,0,20982.08,20982.08,0,0,0,0,0,0,20982.08,314.7312,0,21296.8112,0,0,,Other,-,,JIGNESH MEHTA,MUMBAI,WEST
WHS001,WHS001,INV,MEMO INVOICE,TCS SALES DSD,45819,DS0437/25-26,1,24TT4A3,H.DIPAK & CO,H.DIPAK & CO,SOL-MAQ-0.30-0.38-E-VS2,SOLITAIRE,0.30-0.38,MAQ,E,VS2,0.37,56768,0,0,21004.16,21004.16,0,0,0,0,0,0,21004.16,315.0624,0,21319.2224,0,0,,Other,-,,JIGNESH MEHTA,MUMBAI,WEST
WHS001,WHS001,INV,MEMO INVOICE,TCS SALES DSD,45819,DS0437/25-26,1,33KE9H6,H.DIPAK & CO,H.DIPAK & CO,SOL-MAQ-0.30-0.38-E-VVS2,SOLITAIRE,0.30-0.38,MAQ,E,VVS2,0.37,60538,0,0,22399.06,22399.06,0,0,0,0,0,0,22399.06,335.9859,0,22735.0459,0,0,,Other,-,,JIGNESH MEHTA,MUMBAI,WEST
WHS001,WHS001,INV,MEMO INVOICE,TCS SALES DSD,45819,DS0437/25-26,1,37YT9P9,H.DIPAK & CO,H.DIPAK & CO,SOL-MAQ-0.30-0.38-F-VS2,SOLITAIRE,0.30-0.38,MAQ,F,VS2,0.36,55216,0,0,19877.76,19877.76,0,0,0,0,0,0,19877.76,298.1664,0,20175.9264,0,0,,Other,-,,JIGNESH MEHTA,MUMBAI,WEST
WHS001,WHS001,INV,MEMO INVOICE,TCS SALES DSD,45819,DS0437/25-26,1,44DX2C9,H.DIPAK & CO,H.DIPAK & CO,SOL-MAQ-0.30-0.38-D-VS2,SOLITAIRE,0.30-0.38,MAQ,D,VS2,0.36,57433,0,0,20675.88,20675.88,0,0,0,0,0,0,20675.88,310.1382,0,20986.0182,0,0,,Other,-,,JIGNESH MEHTA,MUMBAI,WEST
WHS001,WHS001,INV,MEMO INVOICE,TCS SALES DSD,45819,DS0437/25-26,1,39DF2A3,H.DIPAK & CO,H.DIPAK & CO,SOL-MAQ-0.39-0.44-H-VS2,SOLITAIRE,0.39-0.44,MAQ,H,VS2,0.42,54087,0,0,22716.54,22716.54,0,0,0,0,0,0,22716.54,340.7481,0,23057.2881,0,0,,Other,-,,JIGNESH MEHTA,MUMBAI,WEST
WHS001,WHS001,INV,MEMO INVOICE,TCS SALES DSD,45819,DS0437/25-26,1,99XK9U9,H.DIPAK & CO,H.DIPAK & CO,SOL-MAQ-0.30-0.38-D-VS1,SOLITAIRE,0.30-0.38,MAQ,D,VS1,0.33,59873,0,0,19758.09,19758.09,0,0,0,0,0,0,19758.09,296.37135,0,20054.46135,0,0,,Other,-,,JIGNESH MEHTA,MUMBAI,WEST
WHS001,WHS001,INV,MEMO INVOICE,TCS SALES DSD,45819,DS0437/25-26,1,99JR9G4,H.DIPAK & CO,H.DIPAK & CO,SOL-MAQ-0.39-0.44-H-VS2,SOLITAIRE,0.39-0.44,MAQ,H,VS2,0.42,54107,0,0,22724.94,22724.94,0,0,0,0,0,0,22724.94,340.8741,0,23065.8141,0,0,,Other,-,,JIGNESH MEHTA,MUMBAI,WEST
WHS001,WHS001,INV,MEMO INVOICE,TCS SALES DSD,45819,DS0437/25-26,1,23YY9P4,H.DIPAK & CO,H.DIPAK & CO,SOL-MAQ-0.30-0.38-F-VS2,SOLITAIRE,0.30-0.38,MAQ,F,VS2,0.32,55216,0,0,17669.12,17669.12,0,0,0,0,0,0,17669.12,265.0368,0,17934.1568,0,0,,Other,-,,JIGNESH MEHTA,MUMBAI,WEST
WHS001,WHS001,INV,MEMO INVOICE,TCS SALES DSD,45819,DS0437/25-26,1,74KD4V7,H.DIPAK & CO,H.DIPAK & CO,SOL-MAQ-0.30-0.38-E-VS1,SOLITAIRE,0.30-0.38,MAQ,E,VS1,0.32,57877,0,0,18520.64,18520.64,0,0,0,0,0,0,18520.64,277.8096,0,18798.4496,0,0,,Other,-,,JIGNESH MEHTA,MUMBAI,WEST
WHS001,WHS001,INV,MEMO INVOICE,TCS SALES DSD,45819,DS0437/25-26,1,96YJ6V9,H.DIPAK & CO,H.DIPAK & CO,SOL-MAQ-0.30-0.38-G-VS1,SOLITAIRE,0.30-0.38,MAQ,G,VS1,0.32,55216,0,0,17669.12,17669.12,0,0,0,0,0,0,17669.12,265.0368,0,17934.1568,0,0,,Other,-,,JIGNESH MEHTA,MUMBAI,WEST
WHS001,WHS001,INV,MEMO INVOICE,TCS SALES DSD,45819,DS0437/25-26,1,99FT9W9,H.DIPAK & CO,H.DIPAK & CO,SOL-MAQ-0.30-0.38-E-VS2,SOLITAIRE,0.30-0.38,MAQ,E,VS2,0.3,56768,0,0,17030.4,17030.4,0,0,0,0,0,0,17030.4,255.456,0,17285.856,0,0,,Other,-,,JIGNESH MEHTA,MUMBAI,WEST
WHS001,WHS001,INV,MEMO INVOICE,TCS SALES DSD,45819,DS0437/25-26,1,69RX9N9,H.DIPAK & CO,H.DIPAK & CO,SOL-MAQ-0.30-0.38-E-VVS2,SOLITAIRE,0.30-0.38,MAQ,E,VVS2,0.3,60538,0,0,18161.4,18161.4,0,0,0,0,0,0,18161.4,272.421,0,18433.821,0,0,,Other,-,,JIGNESH MEHTA,MUMBAI,WEST
WHS001,WHS001,INV,MEMO INVOICE,TCS SALES DSD,45819,DS0437/25-26,1,99TF7G4,H.DIPAK & CO,H.DIPAK & CO,SOL-MAQ-0.23-0.29-H-VS2,SOLITAIRE,0.23-0.29,MAQ,H,VS2,0.26,50781,0,0,13203.06,13203.06,0,0,0,0,0,0,13203.06,198.0459,0,13401.1059,0,0,,Other,-,,JIGNESH MEHTA,MUMBAI,WEST
WHS001,WHS001,INV,MEMO INVOICE,TCS SALES DSD,45819,DS0437/25-26,1,49KE3G7,H.DIPAK & CO,H.DIPAK & CO,SOL-MAQ-0.23-0.29-D-VVS2,SOLITAIRE,0.23-0.29,MAQ,D,VVS2,0.24,58542,0,0,14050.08,14050.08,0,0,0,0,0,0,14050.08,210.7512,0,14260.8312,0,0,,Other,-,,JIGNESH MEHTA,MUMBAI,WEST
WHS001,WHS001,INV,MEMO INVOICE,TCS SALES DSD,45819,DS0437/25-26,1,39DD2W9,H.DIPAK & CO,H.DIPAK & CO,SOL-MAQ-0.23-0.29-D-VS2,SOLITAIRE,0.23-0.29,MAQ,D,VS2,0.23,54772,0,0,12597.56,12597.56,0,0,0,0,0,0,12597.56,188.9634,0,12786.5234,0,0,,Other,-,,JIGNESH MEHTA,MUMBAI,WEST
WHS001,WHS001,INV,MEMO INVOICE,TCS SALES DSD,45819,DS0437/25-26,1,92XT7A7,H.DIPAK & CO,H.DIPAK & CO,SOL-MAQ-0.30-0.38-D-VVS2,SOLITAIRE,0.30-0.38,MAQ,D,VVS2,0.31,62534,0,0,19385.54,19385.54,0,0,0,0,0,0,19385.54,290.7831,0,19676.3231,0,0,,Other,-,,JIGNESH MEHTA,MUMBAI,WEST
WHS001,WHS001,INV,MEMO INVOICE,TCS SALES DSD,45819,DS0437/25-26,1,66FK9C4,H.DIPAK & CO,H.DIPAK & CO,SOL-MAQ-0.30-0.38-E-VVS2,SOLITAIRE,0.30-0.38,MAQ,E,VVS2,0.3,60538,0,0,18161.4,18161.4,0,0,0,0,0,0,18161.4,272.421,0,18433.821,0,0,,Other,-,,JIGNESH MEHTA,MUMBAI,WEST
WHS001,WHS001,INV,MEMO INVOICE,TCS SALES DSD,45819,DS0437/25-26,1,94ER9G9,H.DIPAK & CO,H.DIPAK & CO,SOL-MAQ-0.23-0.29-F-VVS2,SOLITAIRE,0.23-0.29,MAQ,F,VVS2,0.27,54994,0,0,14848.38,14848.38,0,0,0,0,0,0,14848.38,222.7257,0,15071.1057,0,0,,Other,-,,JIGNESH MEHTA,MUMBAI,WEST
WHS001,WHS001,INV,MEMO INVOICE,TCS SALES DSD,45819,DS0437/25-26,1,76DD9H9,H.DIPAK & CO,H.DIPAK & CO,SOL-MAQ-0.23-0.29-F-VVS2,SOLITAIRE,0.23-0.29,MAQ,F,VVS2,0.26,54994,0,0,14298.44,14298.44,0,0,0,0,0,0,14298.44,214.4766,0,14512.9166,0,0,,Other,-,,JIGNESH MEHTA,MUMBAI,WEST
WHS001,WHS001,INV,MEMO INVOICE,TCS SALES DSD,45819,DS0437/25-26,1,97KJ9V9,H.DIPAK & CO,H.DIPAK & CO,SOL-MAQ-0.23-0.29-E-VS2,SOLITAIRE,0.23-0.29,MAQ,E,VS2,0.24,53442,0,0,12826.08,12826.08,0,0,0,0,0,0,12826.08,192.3912,0,13018.4712,0,0,,Other,-,,JIGNESH MEHTA,MUMBAI,WEST
WHS001,WHS001,INV,MEMO INVOICE,TCS SALES DSD,45819,DS0437/25-26,1,49XD9V4,H.DIPAK & CO,H.DIPAK & CO,SOL-MAQ-0.23-0.29-D-VS1,SOLITAIRE,0.23-0.29,MAQ,D,VS1,0.27,56546,0,0,15267.42,15267.42,0,0,0,0,0,0,15267.42,229.0113,0,15496.4313,0,0,,Other,-,,JIGNESH MEHTA,MUMBAI,WEST
WHS001,WHS001,INV,MEMO INVOICE,TCS SALES DSD,45819,DS0437/25-26,1,99DT2H9,H.DIPAK & CO,H.DIPAK & CO,SOL-MAQ-0.23-0.29-D-VS1,SOLITAIRE,0.23-0.29,MAQ,D,VS1,0.26,56546,0,0,14701.96,14701.96,0,0,0,0,0,0,14701.96,220.5294,0,14922.4894,0,0,,Other,-,,JIGNESH MEHTA,MUMBAI,WEST
WHS001,WHS001,INV,MEMO INVOICE,TCS SALES DSD,45819,DS0437/25-26,1,39YF6U9,H.DIPAK & CO,H.DIPAK & CO,SOL-MAQ-0.23-0.29-D-VVS2,SOLITAIRE,0.23-0.29,MAQ,D,VVS2,0.24,58542,0,0,14050.08,14050.08,0,0,0,0,0,0,14050.08,210.7512,0,14260.8312,0,0,,Other,-,,JIGNESH MEHTA,MUMBAI,WEST
WHS001,WHS001,INV,MEMO INVOICE,TCS SALES DSD,45819,DS0437/25-26,1,49JK7C9,H.DIPAK & CO,H.DIPAK & CO,SOL-MAQ-0.23-0.29-F-VVS2,SOLITAIRE,0.23-0.29,MAQ,F,VVS2,0.23,54994,0,0,12648.62,12648.62,0,0,0,0,0,0,12648.62,189.7293,0,12838.3493,0,0,,Other,-,,JIGNESH MEHTA,MUMBAI,WEST
WHS001,WHS001,INV,MEMO INVOICE,TCS SALES DSD,45819,DS0437/25-26,1,39EK6H4,H.DIPAK & CO,H.DIPAK & CO,SOL-MAQ-0.30-0.38-F-VS1,SOLITAIRE,0.30-0.38,MAQ,F,VS1,0.32,56103,0,0,17952.96,17952.96,0,0,0,0,0,0,17952.96,269.2944,0,18222.2544,0,0,,Other,-,,JIGNESH MEHTA,MUMBAI,WEST
WHS001,WHS001,INV,MEMO INVOICE,TCS SALES DSD,45819,DS0437/25-26,1,94TE9G9,H.DIPAK & CO,H.DIPAK & CO,SOL-MAQ-0.30-0.38-F-VS1,SOLITAIRE,0.30-0.38,MAQ,F,VS1,0.31,56103,0,0,17391.93,17391.93,0,0,0,0,0,0,17391.93,260.87895,0,17652.80895,0,0,,Other,-,,JIGNESH MEHTA,MUMBAI,WEST
WHS001,WHS001,INV,MEMO INVOICE,TCS SALES DSD,45819,DS0437/25-26,1,99FK4W7,H.DIPAK & CO,H.DIPAK & CO,SOL-MAQ-0.18-0.22-D-VS2,SOLITAIRE,0.18-0.22,MAQ,D,VS2,0.22,54107,0,0,11903.54,11903.54,0,0,0,0,0,0,11903.54,178.5531,0,12082.0931,0,0,,Other,-,,JIGNESH MEHTA,MUMBAI,WEST
WHS001,WHS001,INV,MEMO INVOICE,TCS SALES DSD,45819,DS0437/25-26,1,34DD3W9,H.DIPAK & CO,H.DIPAK & CO,SOL-MAQ-0.18-0.22-F-VVS2,SOLITAIRE,0.18-0.22,MAQ,F,VVS2,0.21,54107,0,0,11362.47,11362.47,0,0,0,0,0,0,11362.47,170.43705,0,11532.90705,0,0,,Other,-,,JIGNESH MEHTA,MUMBAI,WEST
WHS001,WHS001,INV,MEMO INVOICE,TCS SALES DSD,45819,DS0437/25-26,1,94TK9U9,H.DIPAK & CO,H.DIPAK & CO,SOL-MAQ-0.18-0.22-E-VVS2,SOLITAIRE,0.18-0.22,MAQ,E,VVS2,0.19,55659,0,0,10575.21,10575.21,0,0,0,0,0,0,10575.21,158.62815,0,10733.83815,0,0,,Other,-,,JIGNESH MEHTA,MUMBAI,WEST
WHS001,WHS001,INV,MEMO INVOICE,TCS SALES DSD,45819,DS0437/25-26,1,26XR6A9,H.DIPAK & CO,H.DIPAK & CO,SOL-MAQ-0.18-0.22-E-VS2,SOLITAIRE,0.18-0.22,MAQ,E,VS2,0.19,52998,0,0,10069.62,10069.62,0,0,0,0,0,0,10069.62,151.0443,0,10220.6643,0,0,,Other,-,,JIGNESH MEHTA,MUMBAI,WEST
WHS001,WHS001,INV,MEMO INVOICE,TCS SALES DSD,45819,DS0437/25-26,1,32KE3W9,H.DIPAK & CO,H.DIPAK & CO,SOL-MAQ-0.18-0.22-E-VS1,SOLITAIRE,0.18-0.22,MAQ,E,VS1,0.18,54107,0,0,9739.26,9739.26,0,0,0,0,0,0,9739.26,146.0889,0,9885.3489,0,0,,Other,-,,JIGNESH MEHTA,MUMBAI,WEST
WHS001,WHS001,INV,MEMO INVOICE,TCS SALES DSD,45819,DS0437/25-26,1,44RX9A2,H.DIPAK & CO,H.DIPAK & CO,SOL-MAQ-0.18-0.22-F-VVS2,SOLITAIRE,0.18-0.22,MAQ,F,VVS2,0.21,54107,0,0,11362.47,11362.47,0,0,0,0,0,0,11362.47,170.43705,0,11532.90705,0,0,,Other,-,,JIGNESH MEHTA,MUMBAI,WEST
WHS001,WHS001,INV,MEMO INVOICE,TCS SALES DSD,45819,DS0437/25-26,1,69EX6C9,H.DIPAK & CO,H.DIPAK & CO,SOL-MAQ-0.18-0.22-E-VVS2,SOLITAIRE,0.18-0.22,MAQ,E,VVS2,0.19,55659,0,0,10575.21,10575.21,0,0,0,0,0,0,10575.21,158.62815,0,10733.83815,0,0,,Other,-,,JIGNESH MEHTA,MUMBAI,WEST
WHS001,WHS001,INV,MEMO INVOICE,TCS SALES DSD,45819,DS0437/25-26,1,44DT7N7,H.DIPAK & CO,H.DIPAK & CO,SOL-MAQ-0.18-0.22-F-VVS2,SOLITAIRE,0.18-0.22,MAQ,F,VVS2,0.18,54107,0,0,9739.26,9739.26,0,0,0,0,0,0,9739.26,146.0889,0,9885.3489,0,0,,Other,-,,JIGNESH MEHTA,MUMBAI,WEST
WHS001,WHS001,INV,MEMO INVOICE,TCS SALES DSD,45819,DS0437/25-26,1,94TT2U9,H.DIPAK & CO,H.DIPAK & CO,SOL-MAQ-0.14-0.17-GH-VVS,SOLITAIRE,0.14-0.17,MAQ,GH,VVS,0.17,47898,0,0,8142.66,8142.66,0,0,0,0,0,0,8142.66,122.1399,0,8264.7999,0,0,,Other,-,,JIGNESH MEHTA,MUMBAI,WEST
WHS001,WHS001,INV,MEMO INVOICE,TCS SALES DSD,45819,DS0437/25-26,1,44KD9V9,H.DIPAK & CO,H.DIPAK & CO,SOL-MAQ-0.23-0.29-E-VVS2,SOLITAIRE,0.23-0.29,MAQ,E,VVS2,0.23,56546,0,0,13005.58,13005.58,0,0,0,0,0,0,13005.58,195.0837,0,13200.6637,0,0,,Other,-,,JIGNESH MEHTA,MUMBAI,WEST
WHS001,WHS001,INV,MEMO INVOICE,TCS SALES DSD,45819,DS0437/25-26,1,39YF7A2,H.DIPAK & CO,H.DIPAK & CO,SOL-MAQ-0.18-0.22-F-VS1,SOLITAIRE,0.18-0.22,MAQ,F,VS1,0.21,53220,0,0,11176.2,11176.2,0,0,0,0,0,0,11176.2,167.643,0,11343.843,0,0,,Other,-,,JIGNESH MEHTA,MUMBAI,WEST
WHS001,WHS001,INV,MEMO INVOICE,TCS SALES DSD,45819,DS0437/25-26,1,24TT9A9,H.DIPAK & CO,H.DIPAK & CO,SOL-MAQ-0.18-0.22-E-VVS2,SOLITAIRE,0.18-0.22,MAQ,E,VVS2,0.19,55659,0,0,10575.21,10575.21,0,0,0,0,0,0,10575.21,158.62815,0,10733.83815,0,0,,Other,-,,JIGNESH MEHTA,MUMBAI,WEST
WHS001,WHS001,INV,MEMO INVOICE,TCS SALES DSD,45819,DS0437/25-26,1,96DD9C6,H.DIPAK & CO,H.DIPAK & CO,SOL-MAQ-0.18-0.22-F-VVS2,SOLITAIRE,0.18-0.22,MAQ,F,VVS2,0.18,54107,0,0,9739.26,9739.26,0,0,0,0,0,0,9739.26,146.0889,0,9885.3489,0,0,,Other,-,,JIGNESH MEHTA,MUMBAI,WEST
WHS001,WHS001,INV,MEMO INVOICE,TCS SALES DSD,45819,DS0437/25-26,1,39KE4A9,H.DIPAK & CO,H.DIPAK & CO,SOL-MAQ-0.14-0.17-EF-VVS,SOLITAIRE,0.14-0.17,MAQ,EF,VVS,0.17,48785,0,0,8293.45,8293.45,0,0,0,0,0,0,8293.45,124.40175,0,8417.85175,0,0,,Other,-,,JIGNESH MEHTA,MUMBAI,WEST
WHS001,WHS001,INV,MEMO INVOICE,TCS SALES DSD,45819,DS0437/25-26,1,39JR3C2,H.DIPAK & CO,H.DIPAK & CO,SOL-MAQ-0.23-0.29-E-VVS2,SOLITAIRE,0.23-0.29,MAQ,E,VVS2,0.23,56546,0,0,13005.58,13005.58,0,0,0,0,0,0,13005.58,195.0837,0,13200.6637,0,0,,Other,-,,JIGNESH MEHTA,MUMBAI,WEST
WHS001,WHS001,INV,MEMO INVOICE,TCS SALES DSD,45819,DS0437/25-26,1,94XX3G4,H.DIPAK & CO,H.DIPAK & CO,SOL-MAQ-0.18-0.22-D-VVS2,SOLITAIRE,0.18-0.22,MAQ,D,VVS2,0.2,57433,0,0,11486.6,11486.6,0,0,0,0,0,0,11486.6,172.299,0,11658.899,0,0,,Other,-,,JIGNESH MEHTA,MUMBAI,WEST
WHS001,WHS001,INV,MEMO INVOICE,TCS SALES DSD,45819,DS0437/25-26,1,42RF9A4,H.DIPAK & CO,H.DIPAK & CO,SOL-MAQ-0.18-0.22-D-VS2,SOLITAIRE,0.18-0.22,MAQ,D,VS2,0.18,54107,0,0,9739.26,9739.26,0,0,0,0,0,0,9739.26,146.0889,0,9885.3489,0,0,,Other,-,,JIGNESH MEHTA,MUMBAI,WEST
WHS001,WHS001,INV,MEMO INVOICE,TCS SALES DSD,45819,DS0437/25-26,1,67DJ9P4,H.DIPAK & CO,H.DIPAK & CO,SOL-MAQ-0.14-0.17-EF-VVS,SOLITAIRE,0.14-0.17,MAQ,EF,VVS,0.17,48785,0,0,8293.45,8293.45,0,0,0,0,0,0,8293.45,124.40175,0,8417.85175,0,0,,Other,-,,JIGNESH MEHTA,MUMBAI,WEST
PJ172,PJ172,INV,MEMO INVOICE,TCS SALES DSD,45789,DS0210/25-26,1,72TE7C6,VD GLOBAL PVT. LTD.,VD GLOBAL PVT. LTD.,SOL-RND-0.30-0.38-E-VVS1,SOLITAIRE,0.30-0.38,RND,E,VVS1,0.3,144251,0,0,43275.3,43275.3,0,0,0,0,0,0,43275.3,649.1295,0,43924.4295,0,0,,Other,-,,JIGNESH MEHTA,MUMBAI,WEST
Grand Total,,,,,,,207,,,,,,,,,,90.12,45212062,0,0,38464174.59,38464174.59,0,7280,3569794.7,16890,0,0,34832690.1,522236.2275,24170,35354926.32,37519.793,0,,,,,,,
